"ONTOLOGY","ID","Description","GeneRatio","BgRatio","RichFactor","FoldEnrichment","zScore","pvalue","p.adjust","qvalue","geneID","Count"
"BP","GO:0030198","extracellular matrix organization","51/652","278/18842",0.183453237410072,5.30157346515426,13.6795995951582,6.7186016819872e-23,1.41677495163036e-19,4.69901417160046e-20,"MMP9/RGCC/SLC39A8/MATN2/COL1A1/GAS6/COL5A2/IL6/MFAP4/TNXB/ADAMTSL3/COL5A1/TIMP3/FAP/COLEC12/MYH11/MARCO/NDNF/PLAU/RECK/TGFBR3/GPM6B/BMP2/FBLN5/FBLN1/PLOD2/ECM2/ADAMTS8/SPOCK2/TPSAB1/RAMP2/MMP1/COL11A1/MMP11/POSTN/LTBP4/MMP7/ADAMTS1/COL1A2/FGFR4/COL10A1/ENG/TIE1/COL4A3/GREM1/COL3A1/SULF1/COL4A5/COL13A1/MMP12/DPT",51
"BP","GO:0043062","extracellular structure organization","51/652","279/18842",0.182795698924731,5.2825714097236,13.6440108394521,7.96130113346159e-23,1.41677495163036e-19,4.69901417160046e-20,"MMP9/RGCC/SLC39A8/MATN2/COL1A1/GAS6/COL5A2/IL6/MFAP4/TNXB/ADAMTSL3/COL5A1/TIMP3/FAP/COLEC12/MYH11/MARCO/NDNF/PLAU/RECK/TGFBR3/GPM6B/BMP2/FBLN5/FBLN1/PLOD2/ECM2/ADAMTS8/SPOCK2/TPSAB1/RAMP2/MMP1/COL11A1/MMP11/POSTN/LTBP4/MMP7/ADAMTS1/COL1A2/FGFR4/COL10A1/ENG/TIE1/COL4A3/GREM1/COL3A1/SULF1/COL4A5/COL13A1/MMP12/DPT",51
"BP","GO:0045229","external encapsulating structure organization","51/652","280/18842",0.182142857142857,5.2637050832603,13.6085925718007,9.42631371676887e-23,1.41677495163036e-19,4.69901417160046e-20,"MMP9/RGCC/SLC39A8/MATN2/COL1A1/GAS6/COL5A2/IL6/MFAP4/TNXB/ADAMTSL3/COL5A1/TIMP3/FAP/COLEC12/MYH11/MARCO/NDNF/PLAU/RECK/TGFBR3/GPM6B/BMP2/FBLN5/FBLN1/PLOD2/ECM2/ADAMTS8/SPOCK2/TPSAB1/RAMP2/MMP1/COL11A1/MMP11/POSTN/LTBP4/MMP7/ADAMTS1/COL1A2/FGFR4/COL10A1/ENG/TIE1/COL4A3/GREM1/COL3A1/SULF1/COL4A5/COL13A1/MMP12/DPT",51
"BP","GO:0072001","renal system development","40/652","231/18842",0.173160173160173,5.00411653785887,11.5927712774171,2.77056003567974e-17,3.12311380021999e-14,1.03584242436434e-14,"FOXF1/MME/MMP9/EDN1/ANGPT1/CD24/TFAP2A/TCF21/PTCH1/PECAM1/CD34/HYAL2/GPC3/ZBTB16/RBP4/HPGD/BMP2/ITGA8/EDNRA/WFS1/PODXL/EPCAM/SLIT2/EGR1/TEK/CENPF/EZH2/AGTR1/LGR4/ID3/CAT/COL4A3/FGFR2/KANK2/AGTR2/AQP1/GREM1/SOX4/SMAD6/SULF1",40
"BP","GO:0009611","response to wounding","59/652","496/18842",0.118951612903226,3.43755566000396,10.415595567178,9.15439568803696e-17,8.25543403147173e-14,2.73807787623277e-14,"MCAM/HBB/FOLR1/PROS1/IL6/EDN1/SERPING1/DSG2/ANGPT1/CCN2/MDK/CX3CR1/COL5A1/MYLK/SVEP1/FAP/TFPI2/GATA2/CD34/NDNF/PLAU/CEACAM1/TNC/CDK1/AGER/F2RL1/FBLN1/PLA2G4A/TYROBP/DST/EDNRA/AURKA/FLRT3/DSP/THBD/SPP1/ZFP36/LYVE1/CPB2/AHNAK/IL33/DUOX1/F8/PTN/ANXA8/ENG/CD36/CAV1/MACF1/HBEGF/SLC6A4/VWF/MYL9/CLDN4/FERMT2/COL3A1/CLDN3/MMP12/ALOX5",59
"BP","GO:0001822","kidney development","38/652","225/18842",0.168888888888889,4.88068166325835,11.0867397067182,4.1466658226162e-16,3.11621936569608e-13,1.03355574887677e-13,"MME/MMP9/EDN1/ANGPT1/CD24/TFAP2A/TCF21/PTCH1/PECAM1/CD34/HYAL2/GPC3/ZBTB16/HPGD/BMP2/ITGA8/EDNRA/WFS1/PODXL/EPCAM/SLIT2/EGR1/TEK/CENPF/EZH2/AGTR1/LGR4/ID3/CAT/COL4A3/FGFR2/KANK2/AGTR2/AQP1/GREM1/SOX4/SMAD6/SULF1",38
"BP","GO:1901342","regulation of vasculature development","45/652","362/18842",0.124309392265193,3.59238890960241,9.42894016561754,9.75792789406975e-14,6.28549955348007e-11,2.08471016821711e-11,"EMP2/CLDN5/CHI3L1/RGCC/IL6/DSG2/PGK1/HYAL1/MDK/ADGRG6/GATA2/AKT3/CD34/QKI/CEACAM1/RECK/DCN/RRAS/JCAD/SEMA6A/CXCL12/FBLN5/SASH1/KLF2/RAMP2/CDH5/GATA6/KLF4/HOXA5/NPR1/TEK/THBS2/CLIC3/ADAMTS1/C5AR1/TIE1/CD36/CXCL13/COL4A3/ANXA3/AQP1/GREM1/SULF1/SEMA5A/ALOX5",45
"BP","GO:0045765","regulation of angiogenesis","44/652","352/18842",0.125,3.61234662576687,9.36683998448274,1.52228932814706e-13,8.58000322576885e-11,2.84572766506564e-11,"EMP2/CLDN5/CHI3L1/RGCC/IL6/DSG2/PGK1/HYAL1/MDK/ADGRG6/GATA2/AKT3/CD34/QKI/CEACAM1/RECK/DCN/RRAS/JCAD/SEMA6A/FBLN5/SASH1/KLF2/RAMP2/CDH5/GATA6/KLF4/HOXA5/NPR1/TEK/THBS2/CLIC3/ADAMTS1/C5AR1/TIE1/CD36/CXCL13/COL4A3/ANXA3/AQP1/GREM1/SULF1/SEMA5A/ALOX5",44
"BP","GO:0003018","vascular process in circulatory system","35/652","255/18842",0.137254901960784,3.96649825574402,9.02960933836206,3.36402598511846e-12,1.68537701854435e-09,5.58988601931174e-10,"CLDN5/HBB/LEPR/SLC15A2/EDN1/ANGPT1/FABP5/SVEP1/SLC2A1/PECAM1/CEACAM1/ADRB2/ZEB2/AGER/F2RL1/KLF2/RAMP2/CDH5/SLC7A5/EDNRA/KAT2B/SLC1A1/ABCC3/SLIT2/GCLC/NPR1/TEK/AGTR1/DOCK4/CD36/CAV1/AGTR2/SLC6A4/EDNRB/FERMT2",35
"BP","GO:0048729","tissue morphogenesis","45/652","408/18842",0.110294117647059,3.1873646697943,8.45669964711741,6.6693853761915e-12,3.00722586612475e-09,9.97405900341642e-10,"FOXF1/FOLR1/RASIP1/MDK/TGFBR2/COL5A1/LCN2/MYLK/TFAP2A/TCF21/KRT19/PTCH1/KRT15/MMRN2/GPC3/CEACAM1/STARD13/TNC/TGFBR3/BMP2/TBX3/S1PR1/ITGA8/EDNRA/PODXL/KLF4/FLRT3/DSP/SLIT2/HEY1/LGR4/PERP/ENG/TIE1/FGFR2/HBEGF/AGTR2/DLC1/GREM1/TNNC1/FERMT2/TBX2/COL3A1/SULF1/MMP12",45
"BP","GO:0008015","blood circulation","49/652","480/18842",0.102083333333333,2.95008307770961,8.1935699159502,1.28120565917398e-11,5.15946462440746e-09,1.71123842640375e-09,"CLDN5/HBB/MME/NMU/EDN1/SERPING1/DSG2/ANGPT1/SVEP1/NPR3/PECAM1/CEACAM1/ADRB2/ZEB2/CPA3/CXCL12/AGER/F2RL1/KLF2/RAMP2/KCNK3/CDH5/FXYD1/KL/GATA6/EDNRA/KAT2B/SLC1A1/NEDD4L/DSP/DES/SLIT2/GCLC/NPR1/TEK/AGTR1/COL1A2/ENG/DOCK4/CAV1/AGTR2/SLC6A4/EDNRB/ATP2A2/TNNC1/FERMT2/TBX2/DMD/OLR1",49
"BP","GO:0006959","humoral immune response","37/652","296/18842",0.125,3.61234662576687,8.57651700024854,1.37311101115302e-11,5.15946462440746e-09,1.71123842640375e-09,"GPI/IGHG1/GAPDH/TNFRSF21/SLPI/IL6/SERPING1/WFDC2/A2M/HLA-E/C4BPA/CD55/IGHD/IGHM/CLU/CFD/H2BC5/CXCL12/CXCL2/VSIG4/GATA6/IGHA1/FCN3/IGHG3/CCL14/C7/POU2AF1/CXCL13/IGHA2/PLA2G1B/CFB/PGC/CXCL3/CXCL14/DMBT1/C1QB/ALOX5",37
"BP","GO:0003014","renal system process","23/652","122/18842",0.188524590163934,5.44812933722217,9.33176563140858,2.80719175783896e-11,9.73663664315068e-09,3.2293480003468e-09,"EMP2/MCAM/HBB/SLC15A2/GAS6/EDN1/ADCY9/NPR3/CD34/HYAL2/F2RL1/EDNRA/IGHA1/WFS1/NPR1/AQP4/AGTR1/IGHA2/STK39/AQP1/EDNRB/CLDN4/SULF1",23
"BP","GO:0040008","regulation of growth","48/652","482/18842",0.0995850622406639,2.87788610849477,7.90707490762483,4.98907807211757e-11,1.6068395019413e-08,5.32940082150713e-09,"WWC2/H3-3B/FHL1/EDN1/TRPV2/CDKN2A/SESN1/HYAL1/PTCH1/ACACB/HYAL2/SOCS2/CEACAM1/TNC/ENO1/RBP4/TGFBR3/CDK1/CAPN3/SEMA3G/CXCL12/MT1M/CDH1/WFS1/NEDD4L/NET1/LTBP4/SLIT2/SPP1/NPR1/FBP1/AGTR1/TMPRSS4/CRYAB/CCNB1/FAM107A/MACF1/FGFR2/GDF15/HBEGF/AGTR2/SLC6A4/WFDC1/GHR/TBX2/SFN/AGR2/SEMA5A",48
"BP","GO:0042060","wound healing","42/652","394/18842",0.106598984771574,3.08057986359814,7.90164074127758,1.01332893544818e-10,3.04606677995724e-08,1.0102882571568e-08,"MCAM/HBB/PROS1/IL6/EDN1/SERPING1/ANGPT1/COL5A1/MYLK/SVEP1/FAP/TFPI2/GATA2/CD34/NDNF/PLAU/CEACAM1/F2RL1/FBLN1/PLA2G4A/DST/DSP/THBD/CPB2/AHNAK/DUOX1/F8/ANXA8/ENG/CD36/CAV1/MACF1/HBEGF/SLC6A4/VWF/MYL9/CLDN4/FERMT2/COL3A1/CLDN3/MMP12/ALOX5",42
"BP","GO:0043542","endothelial cell migration","35/652","290/18842",0.120689655172414,3.48778294901629,8.08305513471196,1.32015304347454e-10,3.72035629564168e-08,1.23392970326768e-08,"GPI/PLPP3/EMP2/RGCC/SRPX2/EDN1/ANGPT1/NR4A1/LCN2/FAP/GATA2/AKT3/MMRN2/CEACAM1/STARD13/TGFBR3/DCN/ZEB2/RRAS/JCAD/SASH1/CDH5/KLF4/SLIT2/S100A2/TEK/PTN/CXCL13/S100P/EFNB2/AGTR2/ANXA3/GREM1/ID1/SEMA5A",35
"BP","GO:0050878","regulation of body fluid levels","37/652","327/18842",0.113149847094801,3.26989174687154,7.83928740784065,2.51424222943132e-10,6.66865777206224e-08,2.21179216504455e-08,"GPI/HBB/PROS1/FLI1/IL6/EDN1/ADCY9/SERPING1/ANGPT1/SVEP1/FAP/NPR3/TFPI2/HYAL2/PLAU/CEACAM1/F2RL1/FBLN1/PLA2G4A/CDO1/WFS1/THBD/NPR1/CPB2/AQP4/F8/ANXA8/CD36/STK39/CAV1/SLC6A4/AQP1/EDNRB/VWF/MYL9/COL3A1/AGR2",37
"BP","GO:0003206","cardiac chamber morphogenesis","19/652","92/18842",0.206521739130435,5.96822485996266,9.04386236520337,2.90846328485687e-10,7.28570052856647e-08,2.41644659191455e-08,"FOXF1/ADGRG6/TGFBR2/RBP4/TGFBR3/BMP2/GATA6/EDNRA/DSP/SLIT2/TEK/HEY1/ENG/FGFR2/FHL2/TNNC1/SOX4/TBX2/SMAD6",19
"BP","GO:0048844","artery morphogenesis","15/652","56/18842",0.267857142857143,7.74074276950044,9.56409832208625,4.53670639995333e-10,1.06253419848197e-07,3.52410469336102e-08,"FOXF1/FOLR1/EDN1/LDLR/MDK/TGFBR2/MYLK/AKT3/HPGD/EDNRA/HEY1/ENG/SOX4/TBX2/COL3A1",15
"BP","GO:0006956","complement activation","16/652","65/18842",0.246153846153846,7.11354412458707,9.34751238797092,4.71294831883773e-10,1.06253419848197e-07,3.52410469336102e-08,"IGHG1/SERPING1/A2M/C4BPA/CD55/IGHD/CLU/CFD/VSIG4/IGHA1/FCN3/IGHG3/C7/IGHA2/CFB/C1QB",16
"BP","GO:0001894","tissue homeostasis","27/652","194/18842",0.139175257731959,4.02199418126621,8.01009711647708,7.49928790657445e-10,1.48376046509667e-07,4.92118486759414e-08,"CLDN5/SLC39A8/IL6/ANGPT1/WWTR1/SLC2A1/PDK4/PECAM1/CD34/RBP4/ZEB2/ALDH1A1/CDH3/S1PR1/CDH5/MUC4/SLC1A1/SPP1/COMP/PERP/JAM2/STK39/ACP5/INAVA/COL3A1/DMD/CLDN3",27
"BP","GO:0060249","anatomical structure homeostasis","27/652","194/18842",0.139175257731959,4.02199418126621,8.01009711647708,7.49928790657445e-10,1.48376046509667e-07,4.92118486759414e-08,"CLDN5/SLC39A8/IL6/ANGPT1/WWTR1/SLC2A1/PDK4/PECAM1/CD34/RBP4/ZEB2/ALDH1A1/CDH3/S1PR1/CDH5/MUC4/SLC1A1/SPP1/COMP/PERP/JAM2/STK39/ACP5/INAVA/COL3A1/DMD/CLDN3",27
"BP","GO:0050673","epithelial cell proliferation","38/652","356/18842",0.106741573033708,3.0847004894189,7.51807434580346,7.74103698776773e-10,1.48376046509667e-07,4.92118486759414e-08,"NME1/RGCC/IL6/NR4A1/MDK/FAP/GATA2/AKT3/CD34/MMRN2/CEACAM1/TGFBR3/ZEB2/JCAD/CXCL12/CDH3/NR4A3/GATA6/CDKN1C/TEK/ZFP36/CAV2/AGTR1/PTN/C5AR1/ENG/TIE1/CLDN18/KLF9/COL4A3/CAV1/FGFR2/EDNRB/TBX2/SULF1/SEMA5A/MMP12/ALOX5",38
"BP","GO:0007507","heart development","43/652","438/18842",0.0981735159817352,2.83709415357033,7.36498354945625,8.15347696662122e-10,1.48376046509667e-07,4.92118486759414e-08,"EMP2/HEG1/CLDN5/FOXF1/FOLR1/EDN1/DSG2/ADGRG6/TGFBR2/MYH11/ACACB/MEIS1/GPC3/RBP4/TGFBR3/CDK1/BMP2/TBX3/RAMP2/S1PR1/GATA6/EDNRA/KAT2B/PDLIM2/FLRT3/DSP/SLIT2/TEK/HEY1/NEBL/ENG/TIE1/CCNB1/EFNB2/FGFR2/DLC1/GREM1/FHL2/TNNC1/SOX4/TBX2/COL3A1/SMAD6",43
"BP","GO:0001501","skeletal system development","37/652","341/18842",0.108504398826979,3.13564399186802,7.53473303450172,8.22666037423305e-10,1.48376046509667e-07,4.92118486759414e-08,"CHI3L1/EFEMP1/LEPR/COL1A1/SRD5A1/HYAL1/MDK/OGN/ADGRG6/TGFBR2/COL5A1/TFAP2A/NPR3/HYAL2/ZBTB16/RBP4/PRELP/BMP2/FBLN5/TBX3/PTGER4/COL11A1/TYROBP/EDNRA/COMP/COL1A2/VCAN/COL10A1/ETS2/FGFR2/GDF10/GREM1/TIMP1/GHR/COL3A1/SULF1/COL13A1",37
"BP","GO:0002040","sprouting angiogenesis","27/652","198/18842",0.136363636363636,3.94074177356386,7.8755222337345,1.18919842768919e-09,2.06234450401944e-07,6.84017319755529e-08,"VEGFD/SRPX2/DSG2/ANGPT1/NR4A1/ADGRG6/GATA2/AKT3/MMRN2/CEACAM1/STARD13/RECK/TGFBR3/JCAD/SEMA6A/KLF2/RAMP2/CDH5/KLF4/SLIT2/TEK/CLIC3/AGTR1/EFNB2/GREM1/SEMA5A/ALOX5",27
"BP","GO:0031589","cell-substrate adhesion","36/652","333/18842",0.108108108108108,3.12419167633892,7.40429587643235,1.54334552545307e-09,2.57738702750662e-07,8.54841353174391e-08,"PLPP3/EMP2/CDKN2A/MDK/SVEP1/CD34/NDNF/PLAU/RRAS/GPM6B/FBLN5/FBLN1/ECM2/SLK/SPOCK2/ITGA8/MUC4/LIMCH1/TEK/NEDD9/LYVE1/CD36/FAM107A/MACF1/SORBS1/DLC1/VWF/GREM1/PIK3R1/ARHGAP6/FERMT2/COL3A1/AGR2/SMAD6/COL13A1/MMP12",36
"BP","GO:0032835","glomerulus development","15/652","61/18842",0.245901639344262,7.1062556572463,9.04357131599913,1.67692513157283e-09,2.70044836366496e-07,8.95657077783207e-08,"EDN1/ANGPT1/CD24/TCF21/PECAM1/CD34/EDNRA/PODXL/EGR1/TEK/LGR4/COL4A3/AGTR2/AQP1/SULF1",15
"BP","GO:0003007","heart morphogenesis","26/652","191/18842",0.136125654450262,3.93386438826968,7.71551786724621,2.50691359034431e-09,3.8978184065043e-07,1.29278852011124e-07,"EMP2/CLDN5/FOXF1/FOLR1/EDN1/ADGRG6/TGFBR2/RBP4/TGFBR3/BMP2/TBX3/S1PR1/GATA6/EDNRA/DSP/SLIT2/TEK/HEY1/ENG/FGFR2/DLC1/FHL2/TNNC1/SOX4/TBX2/SMAD6",26
"BP","GO:0003094","glomerular filtration","10/652","24/18842",0.416666666666667,12.0411554192229,10.2469079549972,2.90752424404873e-09,4.31839473101774e-07,1.43228097138969e-07,"EMP2/MCAM/GAS6/EDN1/CD34/F2RL1/EDNRA/IGHA1/IGHA2/SULF1",10
"BP","GO:0000302","response to reactive oxygen species","25/652","179/18842",0.139664804469274,4.03614148130377,7.7271121573778,2.96895623556332e-09,4.31839473101774e-07,1.43228097138969e-07,"HBB/COL1A1/IL6/EDN1/NQO1/SESN1/HYAL1/HBA1/LCN2/HYAL2/CDK1/FOS/FBLN5/KLF2/KLF4/NET1/DUSP1/CRYAB/GPR37/CAT/CD36/HBA2/AQP1/ECT2/SCGB1A1",25
"BP","GO:0006935","chemotaxis","42/652","443/18842",0.0948081264108352,2.73983852428368,7.01573408065134,3.66318456602226e-09,5.00524218430133e-07,1.66008750572975e-07,"VEGFD/GAS6/IL6/EDN1/ANGPT1/NR4A1/MDK/ANOS1/CX3CR1/SFTPD/MIF/PLAU/S100A4/SEMA3G/SEMA6A/CXCL12/F2RL1/CXCL2/S1PR1/FLRT3/CCL14/SLIT2/NEDD9/AGTR1/PTN/DUSP1/PERP/C5AR1/ENG/DOCK4/CXCL13/STK39/EFNB2/HBEGF/PLA2G1B/EDNRB/GREM1/CXCL3/CXCL14/AGR2/SEMA5A/ALOX5",42
"BP","GO:0042330","taxis","42/652","443/18842",0.0948081264108352,2.73983852428368,7.01573408065134,3.66318456602226e-09,5.00524218430133e-07,1.66008750572975e-07,"VEGFD/GAS6/IL6/EDN1/ANGPT1/NR4A1/MDK/ANOS1/CX3CR1/SFTPD/MIF/PLAU/S100A4/SEMA3G/SEMA6A/CXCL12/F2RL1/CXCL2/S1PR1/FLRT3/CCL14/SLIT2/NEDD9/AGTR1/PTN/DUSP1/PERP/C5AR1/ENG/DOCK4/CXCL13/STK39/EFNB2/HBEGF/PLA2G1B/EDNRB/GREM1/CXCL3/CXCL14/AGR2/SEMA5A/ALOX5",42
"BP","GO:0002009","morphogenesis of an epithelium","34/652","316/18842",0.107594936708861,3.10936165255883,7.15917833793391,4.99421224175615e-09,6.62320676414073e-07,2.19671743986742e-07,"FOLR1/RASIP1/MDK/TGFBR2/COL5A1/LCN2/TFAP2A/TCF21/KRT19/PTCH1/KRT15/MMRN2/GPC3/CEACAM1/STARD13/TNC/BMP2/EDNRA/PODXL/FLRT3/SLIT2/LGR4/PERP/ENG/TIE1/FGFR2/HBEGF/AGTR2/DLC1/GREM1/FERMT2/TBX2/SULF1/MMP12",34
"BP","GO:0007088","regulation of mitotic nuclear division","20/652","120/18842",0.166666666666667,4.81646216768916,7.94026299613929,5.23613646935587e-09,6.74563981152161e-07,2.23732478008422e-07,"RCC1/EDN1/BUB1B/DLGAP5/TTK/ZWINT/NUSAP1/NDC80/TRIP13/BIRC5/AURKA/UBE2C/CENPF/CAV2/DUSP1/BUB1/CCNB1/NEK2/CDC20/MAD2L1",20
"BP","GO:0001570","vasculogenesis","14/652","57/18842",0.245614035087719,7.09794424712087,8.72920515762445,5.97189559216725e-09,7.47979922918948e-07,2.48082326259659e-07,"EMP2/RASIP1/TGFBR2/CD34/TMEM100/CEACAM1/TGFBR3/RRAS/RAMP2/DSP/HEY1/ENG/TIE1/CAV1",14
"BP","GO:0072073","kidney epithelium development","19/652","110/18842",0.172727272727273,4.99160624651422,7.94897964217151,6.85892244162127e-09,8.34464619813049e-07,2.76766685470294e-07,"EDN1/CD24/TCF21/PECAM1/CD34/GPC3/BMP2/EDNRA/PODXL/EPCAM/SLIT2/LGR4/CAT/FGFR2/KANK2/AGTR2/AQP1/GREM1/SMAD6",19
"BP","GO:0051384","response to glucocorticoid","20/652","122/18842",0.163934426229508,4.73750377149754,7.84093865038139,7.03252507272031e-09,8.34464619813049e-07,2.76766685470294e-07,"IL6/EDN1/SRD5A1/MDK/FOS/ABCA3/CDO1/SLIT2/ZFP36/IGFBP2/DUSP1/KLF9/FAM107A/AQP1/BCHE/PTGDS/FOSB/GHR/TBX2/SCGB1A1",20
"BP","GO:0097205","renal filtration","10/652","26/18842",0.384615384615385,11.1149126946673,9.77112532222738,7.39557075984932e-09,8.55041757850272e-07,2.83591500034994e-07,"EMP2/MCAM/GAS6/EDN1/CD34/F2RL1/EDNRA/IGHA1/IGHA2/SULF1",10
"BP","GO:0001503","ossification","36/652","354/18842",0.101694915254237,2.93885827181034,6.97207662913211,7.94028074095594e-09,8.81140542601563e-07,2.92247677875147e-07,"CHRDL1/CLEC3B/COL1A1/IL6/CCN2/MDK/ADGRG6/WWTR1/TFAP2A/PTCH1/TNC/ZBTB16/GPM6B/BMP2/S1PR1/KL/SPP1/IGFBP2/CYP24A1/LGR4/PTN/VCAN/CAT/PTPRB/CRIM1/FGFR2/TMT1A/GDF10/GABBR1/GREM1/FHL2/FERMT2/IGFBP3/SMAD6/COL13A1/ALOX5",36
"BP","GO:0003205","cardiac chamber development","19/652","111/18842",0.171171171171171,4.94663682086995,7.8952810443154,8.01214509795167e-09,8.81140542601563e-07,2.92247677875147e-07,"FOXF1/ADGRG6/TGFBR2/RBP4/TGFBR3/BMP2/GATA6/EDNRA/DSP/SLIT2/TEK/HEY1/ENG/FGFR2/FHL2/TNNC1/SOX4/TBX2/SMAD6",19
"BP","GO:0060326","cell chemotaxis","33/652","311/18842",0.106109324758842,3.06642929004005,6.9568195512594,1.18784210938167e-08,1.27523335028618e-06,4.22956347315189e-07,"VEGFD/GAS6/IL6/EDN1/NR4A1/MDK/CX3CR1/SFTPD/MIF/CXCL12/F2RL1/CXCL2/CCL14/SLIT2/NEDD9/AGTR1/PTN/DUSP1/PERP/C5AR1/ENG/DOCK4/CXCL13/STK39/HBEGF/PLA2G1B/EDNRB/GREM1/CXCL3/CXCL14/AGR2/SEMA5A/ALOX5",33
"BP","GO:0060840","artery development","15/652","70/18842",0.214285714285714,6.19259421560035,8.24019625977833,1.28497634761802e-08,1.32951854823636e-06,4.40961106234908e-07,"FOXF1/FOLR1/EDN1/LDLR/MDK/TGFBR2/MYLK/AKT3/HPGD/EDNRA/HEY1/ENG/SOX4/TBX2/COL3A1",15
"BP","GO:1903034","regulation of response to wounding","23/652","165/18842",0.139393939393939,4.02831381297639,7.39688238704925,1.32054976863499e-08,1.32951854823636e-06,4.40961106234908e-07,"PROS1/EDN1/SERPING1/DSG2/MDK/MYLK/FAP/PLAU/CEACAM1/F2RL1/THBD/SPP1/CPB2/IL33/DUOX1/PTN/CD36/CAV1/HBEGF/CLDN4/FERMT2/CLDN3/ALOX5",23
"BP","GO:0140014","mitotic nuclear division","31/652","281/18842",0.110320284697509,3.18812086544549,6.99653812810962,1.32686481859916e-08,1.32951854823636e-06,4.40961106234908e-07,"CENPA/RGCC/RCC1/H3-3B/EDN1/KIF2A/TPX2/BUB1B/DLGAP5/TTK/ZWINT/KIF11/NUSAP1/CDK1/UBE2S/NDC80/TRIP13/KAT2B/BIRC5/AURKA/PRC1/UBE2C/CENPF/CAV2/DUSP1/BUB1/CCNB1/NEK2/CDC20/KIF4A/MAD2L1",31
"BP","GO:0060537","muscle tissue development","32/652","298/18842",0.10738255033557,3.10322394696751,6.92869371725674,1.48711610085385e-08,1.45769706494566e-06,4.83474044921366e-07,"EDN1/DSG2/MYLK/MYH11/TCF21/PTCH1/MEIS1/RBP4/TGFBR3/CDK1/BMP2/TBX3/S1PR1/ITGA8/GATA6/EDNRA/DSP/CAV2/HEY1/NEBL/ENG/CCNB1/CAV1/EFNB2/FGFR2/GREM1/FHL2/TNNC1/TBX2/COL3A1/DMD/RCAN1",32
"BP","GO:0060343","trabecula formation","7/652","11/18842",0.636363636363636,18.3901282766313,10.9224951253732,1.68265245173751e-08,1.61427232018818e-06,5.35405323241886e-07,"ADGRG6/RBP4/TGFBR3/TEK/HEY1/GREM1/FHL2",7
"BP","GO:0001763","morphogenesis of a branching structure","17/652","93/18842",0.182795698924731,5.2825714097236,7.83820208330048,1.76777706663618e-08,1.66060558197136e-06,5.50772665351167e-07,"FOXF1/RASIP1/MDK/TGFBR2/TCF21/BMP2/EDNRA/SLIT2/LGR4/ENG/TIE1/FGFR2/AGTR2/GREM1/TBX2/SULF1/COL13A1",17
"BP","GO:0031032","actomyosin structure organization","25/652","196/18842",0.127551020408163,3.6860679854764,7.15668034049244,1.93595485994315e-08,1.76907313646685e-06,5.86748073805886e-07,"RGCC/SYNPO/EDN1/MYH10/CCN2/MYH11/KRT19/CAPN3/ZEB2/EPB41L2/S1PR1/PTGER4/LMOD1/CNN1/LIMCH1/ARRB1/NEBL/KRT8/SORBS1/DLC1/ECT2/PIK3R1/MYL9/ARHGAP6/FERMT2",25
"BP","GO:0031960","response to corticosteroid","21/652","142/18842",0.147887323943662,4.27376220513264,7.41361318842842,1.96171339151347e-08,1.76907313646685e-06,5.86748073805886e-07,"IL6/EDN1/SRD5A1/MDK/FOS/ABCA3/CDO1/SLIT2/ZFP36/IGFBP2/DUSP1/KLF9/FAM107A/STK39/AQP1/BCHE/PTGDS/FOSB/GHR/TBX2/SCGB1A1",21
"BP","GO:0042542","response to hydrogen peroxide","16/652","83/18842",0.192771084337349,5.57084780841156,7.90115149246237,2.10743480518889e-08,1.86322030129347e-06,6.17973841965269e-07,"HBB/COL1A1/IL6/EDN1/HBA1/LCN2/CDK1/KLF2/KLF4/NET1/DUSP1/CRYAB/CAT/HBA2/AQP1/ECT2",16
"BP","GO:0009636","response to toxic substance","29/652","256/18842",0.11328125,3.27368912960123,6.93453787964629,2.16656567790423e-08,1.87866243109042e-06,6.23095529546775e-07,"HBB/SLC39A8/SLC15A2/EDN1/SRD5A1/NQO1/SESN1/HBA1/LCN2/SLC7A11/CDK1/ALDH2/ALDH1A1/FOS/ALOX5AP/MT1M/FBLN5/ABCG1/CES1/CDH1/EDNRA/PRDX4/GPX3/CAT/CD36/CCNB1/CP/HBA2/SLC6A4",29
"BP","GO:0085029","extracellular matrix assembly","12/652","45/18842",0.266666666666667,7.70633946830266,8.52720968580649,2.69042348972948e-08,2.28889047456419e-06,7.59155768870805e-07,"RGCC/GAS6/MFAP4/TNXB/MYH11/TGFBR3/GPM6B/FBLN5/RAMP2/LTBP4/TIE1/COL3A1",12
"BP","GO:0007160","cell-matrix adhesion","27/652","229/18842",0.117903930131004,3.40727891338709,6.93897602985168,2.86104494203657e-08,2.38897252660053e-06,7.92349959684275e-07,"PLPP3/EMP2/CDKN2A/SVEP1/CD34/PLAU/RRAS/GPM6B/FBLN5/ECM2/SLK/ITGA8/MUC4/LIMCH1/TEK/LYVE1/CD36/FAM107A/MACF1/SORBS1/DLC1/GREM1/ARHGAP6/FERMT2/COL3A1/COL13A1/MMP12",27
"BP","GO:0033047","regulation of mitotic sister chromatid segregation","14/652","65/18842",0.215384615384615,6.22435110901369,7.98795031415816,3.66540676700014e-08,2.97916929793678e-06,9.88100384926507e-07,"BUB1B/TTK/ZWINT/CDK1/NDC80/TRIP13/KAT2B/BIRC5/CENPF/DUSP1/BUB1/CCNB1/CDC20/MAD2L1",14
"BP","GO:0043434","response to peptide hormone","39/652","427/18842",0.0913348946135831,2.6394663869772,6.48768889685562,3.70001066055577e-08,2.97916929793678e-06,9.88100384926507e-07,"COL1A1/EDN1/ADCY9/SRD5A1/CA2/NR4A1/SLC2A1/AKT3/PDK4/SOCS2/CEACAM1/TGFBR3/FOS/PID1/CXCL12/KLF2/NR4A3/KL/CDO1/EDNRA/KAT2B/KLF4/GCLC/EGR1/CAV2/FBP1/AGTR1/NR4A2/CAT/CAV1/SORBS1/GDF15/PLA2G1B/AGTR2/EDNRB/TIMP1/PIK3R1/GHR/COL3A1",39
"BP","GO:1904018","positive regulation of vasculature development","24/652","189/18842",0.126984126984127,3.6696854610965,6.98354725911024,4.05513187350405e-08,3.20782273993505e-06,1.06393781860634e-06,"EMP2/CHI3L1/DSG2/HYAL1/MDK/GATA2/AKT3/CD34/RRAS/JCAD/CXCL12/SASH1/RAMP2/CDH5/GATA6/KLF4/TEK/CLIC3/C5AR1/TIE1/ANXA3/AQP1/GREM1/SEMA5A",24
"BP","GO:0051783","regulation of nuclear division","20/652","135/18842",0.148148148148148,4.28129970461259,7.24386142494786,4.13484401928482e-08,3.21448477292332e-06,1.06614741353089e-06,"RCC1/EDN1/BUB1B/DLGAP5/TTK/ZWINT/NUSAP1/NDC80/TRIP13/BIRC5/AURKA/UBE2C/CENPF/CAV2/DUSP1/BUB1/CCNB1/NEK2/CDC20/MAD2L1",20
"BP","GO:0072593","reactive oxygen species metabolic process","25/652","204/18842",0.122549019607843,3.54151629977144,6.90983620139758,4.3325437344335e-08,3.31109147433232e-06,1.09818893561385e-06,"HBB/EDN1/NQO1/SESN1/HBA1/TGFBR2/LCN2/TFAP2A/SFTPD/PMAIP1/PID1/FBLN5/F2RL1/TYROBP/SLC1A1/PRDX4/DUOX1/AGTR1/CRYAB/GPX3/CAT/CD36/HBA2/INAVA/ALOX5",25
"BP","GO:0050678","regulation of epithelial cell proliferation","32/652","312/18842",0.102564102564103,2.96397671857795,6.62270401405393,4.43768944475126e-08,3.33492361773057e-06,1.10609333704607e-06,"NME1/RGCC/NR4A1/MDK/GATA2/AKT3/MMRN2/CEACAM1/TGFBR3/JCAD/CXCL12/CDH3/NR4A3/GATA6/CDKN1C/TEK/ZFP36/CAV2/AGTR1/PTN/C5AR1/ENG/TIE1/KLF9/COL4A3/CAV1/FGFR2/EDNRB/SULF1/SEMA5A/MMP12/ALOX5",32
"BP","GO:0010594","regulation of endothelial cell migration","27/652","234/18842",0.115384615384615,3.33447380840019,6.80309458131877,4.51403054216805e-08,3.3366825761698e-06,1.1066767303806e-06,"GPI/PLPP3/EMP2/RGCC/SRPX2/EDN1/ANGPT1/LCN2/GATA2/AKT3/MMRN2/CEACAM1/STARD13/TGFBR3/DCN/RRAS/JCAD/SASH1/KLF4/SLIT2/TEK/PTN/CXCL13/AGTR2/ANXA3/GREM1/SEMA5A",27
"BP","GO:0000070","mitotic sister chromatid segregation","25/652","205/18842",0.121951219512195,3.52424061050426,6.87985207545467,4.77651487107551e-08,3.47375896027089e-06,1.1521408226658e-06,"CENPA/RCC1/H3-3B/KIF2A/TPX2/BUB1B/DLGAP5/TTK/ZWINT/KIF11/NUSAP1/CDK1/NDC80/TRIP13/KAT2B/BIRC5/PRC1/UBE2C/CENPF/DUSP1/BUB1/CCNB1/CDC20/KIF4A/MAD2L1",25
"BP","GO:0007599","hemostasis","26/652","222/18842",0.117117117117117,3.38454098270049,6.76629398057603,5.91826519530731e-08,4.23578694692709e-06,1.40488246694268e-06,"GPI/HBB/PROS1/FLI1/IL6/EDN1/SERPING1/ANGPT1/SVEP1/FAP/TFPI2/PLAU/CEACAM1/F2RL1/FBLN1/PLA2G4A/THBD/CPB2/F8/ANXA8/CD36/CAV1/SLC6A4/VWF/MYL9/COL3A1",26
"BP","GO:0048762","mesenchymal cell differentiation","27/652","238/18842",0.113445378151261,3.27843223178842,6.69700852792725,6.436499693851e-08,4.53471517493346e-06,1.50402792247724e-06,"EMP2/RGCC/FOLR1/COL1A1/IL6/EDN1/DSG2/MDK/TGFBR2/WWTR1/TCF21/QKI/TGFBR3/S100A4/SEMA3G/BMP2/SEMA6A/TBX3/EDNRA/HEY1/EZH2/ENG/FGFR2/FOXF2/GREM1/FERMT2/SEMA5A",27
"BP","GO:0030324","lung development","14/652","68/18842",0.205882352941176,5.94974738361602,7.74138216269842,6.72902345828705e-08,4.66787181129482e-06,1.54819195294549e-06,"FOXF1/MME/CHI3L1/WFDC2/TCF21/SFTPD/RBP4/BMP2/ABCA3/EPAS1/CLDN18/FGFR2/TBX2/COL3A1",14
"BP","GO:0050900","leukocyte migration","34/652","352/18842",0.0965909090909091,2.7913587562744,6.42310276106588,7.35706289521421e-08,5.02621160523043e-06,1.66704242866954e-06,"EMP2/VEGFD/GAS6/IL6/EDN1/MDK/CX3CR1/SFTPD/PECAM1/CD34/MIF/ICAM2/CXCL12/AGER/F2RL1/S1PR1/PTGER4/SLIT2/NEDD9/LYVE1/IL33/PTN/DUSP1/PERP/C5AR1/JAM2/CXCL13/STK39/GDF15/PLA2G1B/EDNRB/GREM1/CXCL3/ALOX5",34
"BP","GO:0010965","regulation of mitotic sister chromatid separation","14/652","69/18842",0.202898550724638,5.86351916066507,7.66245186989229,8.17649486144347e-08,5.50265900451472e-06,1.82506562626227e-06,"BUB1B/DLGAP5/TTK/ZWINT/NDC80/TRIP13/BIRC5/UBE2C/CENPF/DUSP1/BUB1/CCNB1/CDC20/MAD2L1",14
"BP","GO:0033002","muscle cell proliferation","25/652","211/18842",0.118483412322275,3.42402523769372,6.70377925188892,8.45835809078473e-08,5.60863773990417e-06,1.86021556866563e-06,"MMP9/RGCC/IL6/EDN1/ANGPT1/RGS5/OGN/RBP4/TGFBR3/CDK1/FOS/HPGD/BMP2/S1PR1/NR4A3/KLF4/CNN1/NPR1/ADAMTS1/CCNB1/FGFR2/HBEGF/PIK3R1/TBX2/IGFBP3",25
"BP","GO:0030323","respiratory tube development","14/652","70/18842",0.2,5.77975460122699,7.5850556296811,9.89937448989979e-08,6.40243882067002e-06,2.12349538764168e-06,"FOXF1/MME/CHI3L1/WFDC2/TCF21/SFTPD/RBP4/BMP2/ABCA3/EPAS1/CLDN18/FGFR2/TBX2/COL3A1",14
"BP","GO:0010810","regulation of cell-substrate adhesion","24/652","198/18842",0.121212121212121,3.50288157650121,6.70290049991419,9.93947033592595e-08,6.40243882067002e-06,2.12349538764168e-06,"PLPP3/EMP2/CDKN2A/MDK/NDNF/PLAU/RRAS/GPM6B/FBLN1/ECM2/SLK/SPOCK2/LIMCH1/TEK/NEDD9/CD36/FAM107A/MACF1/DLC1/GREM1/ARHGAP6/FERMT2/AGR2/MMP12",24
"BP","GO:0061138","morphogenesis of a branching epithelium","15/652","81/18842",0.185185185185185,5.35162463076573,7.43062538818964,1.0195335255692e-07,6.45999987172436e-06,2.14258664799501e-06,"RASIP1/MDK/TGFBR2/TCF21/BMP2/EDNRA/SLIT2/LGR4/ENG/TIE1/FGFR2/AGTR2/GREM1/TBX2/SULF1",15
"BP","GO:0060562","epithelial tube morphogenesis","23/652","184/18842",0.125,3.61234662576687,6.74165605759033,1.03986966233332e-07,6.45999987172436e-06,2.14258664799501e-06,"FOLR1/RASIP1/MDK/TGFBR2/LCN2/TCF21/PTCH1/MMRN2/GPC3/STARD13/BMP2/EDNRA/PODXL/SLIT2/LGR4/PERP/ENG/TIE1/FGFR2/AGTR2/DLC1/GREM1/TBX2",23
"BP","GO:0060485","mesenchyme development","30/652","291/18842",0.103092783505155,2.97925494908608,6.44204856388067,1.04586380713213e-07,6.45999987172436e-06,2.14258664799501e-06,"EMP2/FOXF1/RGCC/FOLR1/COL1A1/IL6/EDN1/DSG2/MDK/TGFBR2/WWTR1/TCF21/QKI/TGFBR3/S100A4/SEMA3G/BMP2/SEMA6A/TBX3/EDNRA/HEY1/EZH2/ENG/FGFR2/FOXF2/GREM1/FERMT2/SOX4/TBX2/SEMA5A",30
"BP","GO:0045766","positive regulation of angiogenesis","23/652","185/18842",0.124324324324324,3.59282042778975,6.70960295414055,1.14960053217423e-07,7.00479567509947e-06,2.32327894480208e-06,"EMP2/CHI3L1/DSG2/HYAL1/MDK/GATA2/AKT3/CD34/RRAS/JCAD/SASH1/RAMP2/CDH5/GATA6/KLF4/TEK/CLIC3/C5AR1/TIE1/ANXA3/AQP1/GREM1/SEMA5A",23
"BP","GO:0051306","mitotic sister chromatid separation","14/652","71/18842",0.197183098591549,5.69834960684352,7.50914036318259,1.194328174891e-07,7.1803009874447e-06,2.38148875073861e-06,"BUB1B/DLGAP5/TTK/ZWINT/NDC80/TRIP13/BIRC5/UBE2C/CENPF/DUSP1/BUB1/CCNB1/CDC20/MAD2L1",14
"BP","GO:0002688","regulation of leukocyte chemotaxis","18/652","118/18842",0.152542372881356,4.4082874077155,7.03132740130827,1.24316091964506e-07,7.37554287720997e-06,2.44624458269635e-06,"VEGFD/GAS6/IL6/EDN1/MDK/CX3CR1/MIF/CXCL12/F2RL1/SLIT2/NEDD9/PTN/DUSP1/PERP/C5AR1/CXCL13/STK39/GREM1",18
"BP","GO:0035633","maintenance of blood-brain barrier","10/652","34/18842",0.294117647058824,8.49963911945146,8.28643903181182,1.4208542867666e-07,8.32030127146833e-06,2.7595923785654e-06,"CLDN5/IL6/ANGPT1/PECAM1/ZEB2/CDH5/SLC1A1/JAM2/DMD/CLDN3",10
"BP","GO:0070482","response to oxygen levels","31/652","312/18842",0.0993589743589744,2.87135244612239,6.31036673673915,1.47896936757251e-07,8.5495806133134e-06,2.83563740430116e-06,"RGCC/AK4/VEGFD/COL1A1/EDN1/PGK1/CD24/LCN2/SLC2A1/NDNF/PMAIP1/ENO1/TGFBR3/ZEB2/FOS/BMP2/CXCL12/PLOD2/KCNK3/SLC7A5/GATA6/EPAS1/EGR1/ENG/CAT/CCNB1/CAV1/FGFR2/SLC6A4/AQP1/CLDN3",31
"BP","GO:0048589","developmental growth","35/652","381/18842",0.0918635170603675,2.65474292707277,6.17767181925853,1.62323490593875e-07,9.26476733022508e-06,3.07284321558693e-06,"WWC2/NRN1/LEPR/EDN1/TRPV2/MDK/PTCH1/ACACB/MEIS1/RBP4/TGFBR3/CDK1/CAPN3/SEMA3G/CXCL12/FBLN5/S1PR1/CDH1/EDNRA/FLRT3/NEDD4L/SLIT2/SPP1/PTN/CLDN18/CCNB1/MACF1/FGFR2/GDF15/SLC6A4/GHR/TBX2/COL3A1/AGR2/SEMA5A",35
"BP","GO:0045926","negative regulation of growth","23/652","189/18842",0.121693121693122,3.51678190021748,6.58357158443046,1.70431088949067e-07,9.55449843501246e-06,3.16893826341247e-06,"WWC2/FHL1/CDKN2A/SESN1/HYAL1/PTCH1/HYAL2/ENO1/RBP4/SEMA3G/MT1M/CDH1/SLIT2/SPP1/NPR1/FBP1/TMPRSS4/CRYAB/GDF15/AGTR2/SLC6A4/WFDC1/SEMA5A",23
"BP","GO:2001212","regulation of vasculogenesis","8/652","20/18842",0.4,11.559509202454,8.9451014289218,1.7163769643735e-07,9.55449843501246e-06,3.16893826341247e-06,"EMP2/CD34/TMEM100/CEACAM1/RRAS/RAMP2/DSP/HEY1",8
"BP","GO:0001837","epithelial to mesenchymal transition","22/652","175/18842",0.125714285714286,3.63298860648554,6.62506530444025,1.77578259299503e-07,9.7646386729446e-06,3.23863542702552e-06,"EMP2/RGCC/COL1A1/IL6/EDN1/DSG2/MDK/TGFBR2/WWTR1/QKI/TGFBR3/S100A4/BMP2/TBX3/EDNRA/HEY1/EZH2/ENG/FGFR2/FOXF2/GREM1/FERMT2",22
"BP","GO:0048738","cardiac muscle tissue development","23/652","192/18842",0.119791666666667,3.46183218302658,6.49126089052153,2.27231808948499e-07,1.22118759242443e-05,4.05031003433649e-06,"EDN1/DSG2/MYH11/MEIS1/RBP4/TGFBR3/CDK1/BMP2/TBX3/S1PR1/GATA6/EDNRA/DSP/HEY1/NEBL/ENG/CCNB1/EFNB2/FGFR2/GREM1/FHL2/TNNC1/TBX2",23
"BP","GO:0002274","myeloid leukocyte activation","25/652","222/18842",0.112612612612613,3.2543663295197,6.39691472535214,2.27500017218124e-07,1.22118759242443e-05,4.05031003433649e-06,"IL6/LDLR/HSPD1/CX3CR1/TGFBR2/GATA2/FGR/HYAL2/MIF/CLU/AGER/F2RL1/VSIG4/PLA2G4A/NR4A3/TYROBP/CD93/IL33/UBD/C5AR1/STK39/ANXA3/PTGDS/DNASE1L3/IL1RL1",25
"BP","GO:0072006","nephron development","18/652","123/18842",0.146341463414634,4.22908873260512,6.80221940441446,2.3677386499648e-07,1.25601571443427e-05,4.16582438522625e-06,"EDN1/ANGPT1/CD24/TCF21/PECAM1/CD34/GPC3/BMP2/EDNRA/PODXL/EGR1/TEK/LGR4/COL4A3/AGTR2/AQP1/GREM1/SULF1",18
"BP","GO:0061383","trabecula morphogenesis","9/652","28/18842",0.321428571428571,9.28889132340053,8.30987162297464,2.57776987160543e-07,1.33599590242171e-05,4.43109448784048e-06,"ADGRG6/RBP4/TGFBR3/S1PR1/TEK/HEY1/ENG/GREM1/FHL2",9
"BP","GO:0072012","glomerulus vasculature development","9/652","28/18842",0.321428571428571,9.28889132340053,8.30987162297464,2.57776987160543e-07,1.33599590242171e-05,4.43109448784048e-06,"EDN1/ANGPT1/TCF21/PECAM1/CD34/EDNRA/EGR1/TEK/AQP1",9
"BP","GO:0036293","response to decreased oxygen levels","29/652","287/18842",0.101045296167247,2.92008507727496,6.20569410815895,2.61350953134807e-07,1.33912664509641e-05,4.4414782147543e-06,"RGCC/AK4/VEGFD/EDN1/PGK1/CD24/LCN2/SLC2A1/NDNF/PMAIP1/ENO1/TGFBR3/ZEB2/FOS/BMP2/CXCL12/PLOD2/KCNK3/GATA6/EPAS1/EGR1/ENG/CAT/CCNB1/CAV1/FGFR2/SLC6A4/AQP1/CLDN3",29
"BP","GO:0002685","regulation of leukocyte migration","24/652","210/18842",0.114285714285714,3.30271691498685,6.35301504590284,3.01301571877903e-07,1.5199355653897e-05,5.04116673820837e-06,"VEGFD/GAS6/IL6/EDN1/MDK/CX3CR1/MIF/CXCL12/AGER/F2RL1/PTGER4/SLIT2/NEDD9/LYVE1/IL33/PTN/DUSP1/PERP/C5AR1/JAM2/CXCL13/STK39/GDF15/GREM1",24
"BP","GO:0003158","endothelium development","18/652","125/18842",0.144,4.16142331288344,6.71396326922827,3.03380352373193e-07,1.5199355653897e-05,5.04116673820837e-06,"CLDN5/EDN1/DSG2/LCN2/PECAM1/CD34/TMEM100/CEACAM1/STARD13/APOLD1/F2RL1/S1PR1/CDH5/EDNRA/DSP/HEY1/TIE1/CLDN3",18
"BP","GO:0009612","response to mechanical stimulus","23/652","196/18842",0.11734693877551,3.39118254663829,6.37099627209166,3.30192481263856e-07,1.63608560221838e-05,5.42640129395898e-06,"GPI/CHI3L1/COL1A1/SCEL/EDN1/MDK/SLC2A1/PTCH1/PECAM1/FOS/CXCL12/PTGER4/COL11A1/GCLC/TEK/IGFBP2/PTN/MEIS2/CCNB1/AQP1/FOSB/DMD/RCAN1",23
"BP","GO:0048754","branching morphogenesis of an epithelial tube","14/652","77/18842",0.181818181818182,5.25432236475181,7.0820811064603,3.44125767062255e-07,1.68659030835186e-05,5.59391013478131e-06,"RASIP1/MDK/TGFBR2/TCF21/BMP2/EDNRA/SLIT2/LGR4/ENG/TIE1/FGFR2/AGTR2/GREM1/TBX2",14
"BP","GO:0007094","mitotic spindle assembly checkpoint signaling","12/652","56/18842",0.214285714285714,6.19259421560035,7.36750879285943,3.68655741962526e-07,1.74975656895687e-05,5.80341352373409e-06,"BUB1B/TTK/ZWINT/NDC80/TRIP13/BIRC5/CENPF/DUSP1/BUB1/CCNB1/CDC20/MAD2L1",12
"BP","GO:0071173","spindle assembly checkpoint signaling","12/652","56/18842",0.214285714285714,6.19259421560035,7.36750879285943,3.68655741962526e-07,1.74975656895687e-05,5.80341352373409e-06,"BUB1B/TTK/ZWINT/NDC80/TRIP13/BIRC5/CENPF/DUSP1/BUB1/CCNB1/CDC20/MAD2L1",12
"BP","GO:0071174","mitotic spindle checkpoint signaling","12/652","56/18842",0.214285714285714,6.19259421560035,7.36750879285943,3.68655741962526e-07,1.74975656895687e-05,5.80341352373409e-06,"BUB1B/TTK/ZWINT/NDC80/TRIP13/BIRC5/CENPF/DUSP1/BUB1/CCNB1/CDC20/MAD2L1",12
"BP","GO:0014706","striated muscle tissue development","28/652","277/18842",0.101083032490975,2.92117561072844,6.09844196847335,4.16634728869689e-07,1.95688124215982e-05,6.49038344337359e-06,"EDN1/DSG2/MYH11/TCF21/MEIS1/RBP4/TGFBR3/CDK1/BMP2/TBX3/S1PR1/GATA6/EDNRA/DSP/CAV2/HEY1/NEBL/ENG/CCNB1/CAV1/EFNB2/FGFR2/GREM1/FHL2/TNNC1/TBX2/DMD/RCAN1",28
"BP","GO:0001666","response to hypoxia","28/652","278/18842",0.100719424460432,2.91066778479057,6.07618827553039,4.48471396568336e-07,2.05868906317009e-05,6.82804920543165e-06,"RGCC/AK4/VEGFD/EDN1/PGK1/CD24/LCN2/SLC2A1/NDNF/PMAIP1/ENO1/TGFBR3/FOS/BMP2/CXCL12/PLOD2/KCNK3/GATA6/EPAS1/EGR1/ENG/CAT/CCNB1/CAV1/FGFR2/SLC6A4/AQP1/CLDN3",28
"BP","GO:0032970","regulation of actin filament-based process","34/652","380/18842",0.0894736842105263,2.5856796900226,5.91190316346056,4.51898137753641e-07,2.05868906317009e-05,6.82804920543165e-06,"RGCC/SYNPO/SPTBN1/EDN1/DSG2/CCN2/WASF3/ADRB2/ZEB2/GPM6B/CYRIA/CXCL12/F2RL1/GMFG/KANK3/S1PR1/PTGER4/LMOD1/DSP/SLIT2/LIMCH1/NEDD9/FAM107A/CAV1/KANK2/DLC1/ATP2A2/ECT2/PIK3R1/TNNC1/ARHGAP6/FERMT2/SEMA5A/ARHGAP44",34
"BP","GO:0031577","spindle checkpoint signaling","12/652","57/18842",0.210526315789474,6.08395221181789,7.27767589699927,4.52418154483434e-07,2.05868906317009e-05,6.82804920543165e-06,"BUB1B/TTK/ZWINT/NDC80/TRIP13/BIRC5/CENPF/DUSP1/BUB1/CCNB1/CDC20/MAD2L1",12
"BP","GO:0000819","sister chromatid segregation","26/652","246/18842",0.105691056910569,3.05434186243703,6.14030471926798,4.56573311858526e-07,2.05868906317009e-05,6.82804920543165e-06,"CENPA/RCC1/H3-3B/KIF2A/TPX2/BUB1B/DLGAP5/TTK/ZWINT/KIF11/NUSAP1/CDK1/NDC80/TRIP13/KAT2B/BIRC5/PRC1/UBE2C/CENPF/DUSP1/BUB1/TOP2A/CCNB1/CDC20/KIF4A/MAD2L1",26
"BP","GO:0061437","renal system vasculature development","9/652","30/18842",0.3,8.66963190184049,7.95934053796534,5.01833531497473e-07,2.21839940541383e-05,7.35776012436825e-06,"EDN1/ANGPT1/TCF21/PECAM1/CD34/EDNRA/EGR1/TEK/AQP1",9
"BP","GO:0061440","kidney vasculature development","9/652","30/18842",0.3,8.66963190184049,7.95934053796534,5.01833531497473e-07,2.21839940541383e-05,7.35776012436825e-06,"EDN1/ANGPT1/TCF21/PECAM1/CD34/EDNRA/EGR1/TEK/AQP1",9
"BP","GO:0007596","blood coagulation","24/652","216/18842",0.111111111111111,3.21097477845944,6.18742984505531,5.07226352264425e-07,2.22046953627213e-05,7.36462612254884e-06,"HBB/PROS1/IL6/EDN1/SERPING1/ANGPT1/SVEP1/FAP/TFPI2/PLAU/CEACAM1/F2RL1/FBLN1/PLA2G4A/THBD/CPB2/F8/ANXA8/CD36/CAV1/SLC6A4/VWF/MYL9/COL3A1",24
"BP","GO:0001649","osteoblast differentiation","24/652","217/18842",0.110599078341014,3.1961776596647,6.16039583773953,5.52095047474187e-07,2.30741613829418e-05,7.65300171431377e-06,"COL1A1/IL6/CCN2/WWTR1/PTCH1/TNC/BMP2/SPP1/IGFBP2/CYP24A1/LGR4/VCAN/CAT/PTPRB/CRIM1/FGFR2/TMT1A/GDF10/GABBR1/GREM1/FHL2/FERMT2/IGFBP3/SMAD6",24
"BP","GO:0033046","negative regulation of sister chromatid segregation","12/652","58/18842",0.206896551724138,5.97905648402793,7.18995931996196,5.52674524142318e-07,2.30741613829418e-05,7.65300171431377e-06,"BUB1B/TTK/ZWINT/NDC80/TRIP13/BIRC5/CENPF/DUSP1/BUB1/CCNB1/CDC20/MAD2L1",12
"BP","GO:0033048","negative regulation of mitotic sister chromatid segregation","12/652","58/18842",0.206896551724138,5.97905648402793,7.18995931996196,5.52674524142318e-07,2.30741613829418e-05,7.65300171431377e-06,"BUB1B/TTK/ZWINT/NDC80/TRIP13/BIRC5/CENPF/DUSP1/BUB1/CCNB1/CDC20/MAD2L1",12
"BP","GO:0045841","negative regulation of mitotic metaphase/anaphase transition","12/652","58/18842",0.206896551724138,5.97905648402793,7.18995931996196,5.52674524142318e-07,2.30741613829418e-05,7.65300171431377e-06,"BUB1B/TTK/ZWINT/NDC80/TRIP13/BIRC5/CENPF/DUSP1/BUB1/CCNB1/CDC20/MAD2L1",12
"BP","GO:2000816","negative regulation of mitotic sister chromatid separation","12/652","58/18842",0.206896551724138,5.97905648402793,7.18995931996196,5.52674524142318e-07,2.30741613829418e-05,7.65300171431377e-06,"BUB1B/TTK/ZWINT/NDC80/TRIP13/BIRC5/CENPF/DUSP1/BUB1/CCNB1/CDC20/MAD2L1",12
"BP","GO:0006958","complement activation, classical pathway","10/652","39/18842",0.256410256410256,7.40994179644486,7.58633889801109,5.89111267940997e-07,2.43697496068437e-05,8.0827091578049e-06,"IGHG1/C4BPA/CD55/IGHD/CLU/IGHA1/IGHG3/C7/IGHA2/C1QB",10
"BP","GO:0048545","response to steroid hormone","30/652","317/18842",0.0946372239747634,2.73489965357744,5.89772211921577,6.66584275700742e-07,2.71478461923412e-05,9.00411980317984e-06,"GPI/COL1A1/IL6/EDN1/SRD5A1/MDK/TCF21/FOS/PER1/ABCA3/NR4A3/CDO1/SLIT2/SPP1/ZFP36/IGFBP2/DUSP1/KLF9/FAM107A/STK39/CAV1/KANK2/AQP1/BCHE/PTGDS/CLDN4/FOSB/GHR/TBX2/SCGB1A1",30
"BP","GO:0048251","elastic fiber assembly","6/652","11/18842",0.545454545454545,15.7629670942554,9.27241211554106,6.68310252239936e-07,2.71478461923412e-05,9.00411980317984e-06,"MFAP4/TNXB/MYH11/FBLN5/LTBP4/COL3A1",6
"BP","GO:0071559","response to transforming growth factor beta","28/652","284/18842",0.0985915492957746,2.84917480342176,5.94471413086182,6.91834654772912e-07,2.78525219497416e-05,9.23783944698052e-06,"CLDN5/RGCC/FOLR1/COL1A1/EDN1/TGFBR2/HYAL2/TGFBR3/ZEB2/FOS/HPGD/BMP2/CDH3/DKK3/CDH5/LRRC32/CDKN1C/LTBP4/COL1A2/ENG/MXRA5/FGFR2/GDF15/GDF10/FERMT2/COL3A1/ID1/SMAD6",28
"BP","GO:0050817","coagulation","24/652","220/18842",0.109090909090909,3.15259341885109,6.08022443737848,7.09540215748523e-07,2.83125383434521e-05,9.3904129767939e-06,"HBB/PROS1/IL6/EDN1/SERPING1/ANGPT1/SVEP1/FAP/TFPI2/PLAU/CEACAM1/F2RL1/FBLN1/PLA2G4A/THBD/CPB2/F8/ANXA8/CD36/CAV1/SLC6A4/VWF/MYL9/COL3A1",24
"BP","GO:1905818","regulation of chromosome separation","14/652","82/18842",0.170731707317073,4.93393685470597,6.75892016823483,7.67988883960358e-07,3.01892168006353e-05,1.00128504821785e-05,"BUB1B/DLGAP5/TTK/ZWINT/NDC80/TRIP13/BIRC5/UBE2C/CENPF/DUSP1/BUB1/CCNB1/CDC20/MAD2L1",14
"BP","GO:0040013","negative regulation of locomotion","34/652","389/18842",0.0874035989717224,2.52585676660306,5.75724221066513,7.74640949835934e-07,3.01892168006353e-05,1.00128504821785e-05,"CLDN5/RGCC/HYAL2/MIF/MMRN2/STARD13/RECK/TGFBR3/DCN/ZEB2/CXCL12/FBLN1/PTGER4/CDH1/KLF4/SLIT2/LIMCH1/NEDD9/IL33/DUSP1/ENG/CXCL13/GDF15/AGTR2/DACH1/DLC1/GREM1/TIMP1/ADARB1/IGFBP3/COL3A1/SULF1/SEMA5A/CLDN3",34
"BP","GO:0048771","tissue remodeling","18/652","133/18842",0.135338345864662,3.91111213616864,6.37850486212811,7.76657606758417e-07,3.01892168006353e-05,1.00128504821785e-05,"LEPR/IL6/MDK/NPR3/PDK4/CEACAM1/S1PR1/EDNRA/EPAS1/SPP1/LGR4/PTN/TIE1/CAV1/AGTR2/GREM1/ACP5/ELF3",18
"BP","GO:1902100","negative regulation of metaphase/anaphase transition of cell cycle","12/652","60/18842",0.2,5.77975460122699,7.02052726228673,8.14066593729715e-07,3.11070022976888e-05,1.03172521835341e-05,"BUB1B/TTK/ZWINT/NDC80/TRIP13/BIRC5/CENPF/DUSP1/BUB1/CCNB1/CDC20/MAD2L1",12
"BP","GO:1905819","negative regulation of chromosome separation","12/652","60/18842",0.2,5.77975460122699,7.02052726228673,8.14066593729715e-07,3.11070022976888e-05,1.03172521835341e-05,"BUB1B/TTK/ZWINT/NDC80/TRIP13/BIRC5/CENPF/DUSP1/BUB1/CCNB1/CDC20/MAD2L1",12
"BP","GO:0061384","heart trabecula morphogenesis","8/652","24/18842",0.333333333333333,9.63292433537832,8.01191339930461,8.86246699153799e-07,3.35805577015502e-05,1.11376557263557e-05,"ADGRG6/RBP4/TGFBR3/S1PR1/TEK/HEY1/ENG/FHL2",8
"BP","GO:0060541","respiratory system development","14/652","83/18842",0.168674698795181,4.87449183236011,6.69743299425755,8.94827827271625e-07,3.36231556097313e-05,1.11517841646086e-05,"FOXF1/MME/CHI3L1/WFDC2/TCF21/SFTPD/RBP4/BMP2/ABCA3/EPAS1/CLDN18/FGFR2/TBX2/COL3A1",14
"BP","GO:0001952","regulation of cell-matrix adhesion","17/652","121/18842",0.140495867768595,4.06015819094458,6.39339392431768,9.19930862323507e-07,3.42807294067495e-05,1.13698815122152e-05,"PLPP3/EMP2/CDKN2A/PLAU/RRAS/GPM6B/SLK/LIMCH1/TEK/CD36/FAM107A/MACF1/DLC1/GREM1/ARHGAP6/FERMT2/MMP12",17
"BP","GO:0002443","leukocyte mediated immunity","36/652","429/18842",0.0839160839160839,2.42507186065468,5.65278616610398,9.69945716592385e-07,3.55823481535938e-05,1.18015890978416e-05,"EMP2/IGHG1/IL6/HSPD1/IGKC/CX3CR1/IGHV3-23/HLA-E/GATA2/C4BPA/FGR/IGHV1-69-2/CD55/IGHD/CEACAM1/IGHV3-21/CLU/IGHV1-69/AGER/F2RL1/IGHV3-48/NR4A3/TYROBP/IGHA1/IGHG3/CADM1/C7/IGHA2/PLA2G1B/ANXA3/PTGDS/PIK3R1/IGHV4-31/IGLL5/DNASE1L3/C1QB",36
"BP","GO:0061041","regulation of wound healing","18/652","135/18842",0.133333333333333,3.85316973415133,6.29871332600134,9.70642897070755e-07,3.55823481535938e-05,1.18015890978416e-05,"PROS1/EDN1/SERPING1/MYLK/FAP/PLAU/CEACAM1/F2RL1/THBD/CPB2/DUOX1/CD36/CAV1/HBEGF/CLDN4/FERMT2/CLDN3/ALOX5",18
"BP","GO:0051985","negative regulation of chromosome segregation","12/652","61/18842",0.19672131147541,5.68500452579704,6.93865028309856,9.81885343321508e-07,3.57042017180377e-05,1.18420042410881e-05,"BUB1B/TTK/ZWINT/NDC80/TRIP13/BIRC5/CENPF/DUSP1/BUB1/CCNB1/CDC20/MAD2L1",12
"BP","GO:0022617","extracellular matrix disassembly","13/652","73/18842",0.178082191780822,5.14635683670897,6.71996422330717,1.15571747738188e-06,4.16890408441191e-05,1.38269944356029e-05,"MMP9/IL6/TIMP3/FAP/PLAU/RECK/TPSAB1/MMP1/MMP11/MMP7/FGFR4/ENG/MMP12",13
"BP","GO:2000146","negative regulation of cell motility","33/652","380/18842",0.0868421052631579,2.50963028737488,5.62836752450314,1.29814695693938e-06,4.64551161019023e-05,1.54077575026988e-05,"CLDN5/RGCC/HYAL2/MIF/MMRN2/STARD13/RECK/TGFBR3/DCN/ZEB2/CXCL12/FBLN1/PTGER4/CDH1/KLF4/SLIT2/LIMCH1/NEDD9/IL33/DUSP1/ENG/CXCL13/GDF15/AGTR2/DACH1/DLC1/GREM1/TIMP1/ADARB1/IGFBP3/COL3A1/SULF1/CLDN3",33
"BP","GO:0071560","cellular response to transforming growth factor beta stimulus","27/652","278/18842",0.0971223021582734,2.80671536390519,5.74560517467701,1.46061258889849e-06,5.18574973491598e-05,1.71995640286427e-05,"CLDN5/RGCC/FOLR1/COL1A1/EDN1/TGFBR2/HYAL2/TGFBR3/ZEB2/FOS/HPGD/BMP2/CDH3/DKK3/CDH5/LRRC32/CDKN1C/LTBP4/COL1A2/ENG/FGFR2/GDF15/GDF10/FERMT2/COL3A1/ID1/SMAD6",27
"BP","GO:0030336","negative regulation of cell migration","32/652","365/18842",0.0876712328767123,2.53359105807211,5.60144006705736,1.5307391086522e-06,5.35046716349827e-05,1.77458819391387e-05,"CLDN5/RGCC/HYAL2/MIF/MMRN2/STARD13/RECK/TGFBR3/DCN/ZEB2/CXCL12/PTGER4/CDH1/KLF4/SLIT2/LIMCH1/NEDD9/IL33/DUSP1/ENG/CXCL13/GDF15/AGTR2/DACH1/DLC1/GREM1/TIMP1/ADARB1/IGFBP3/COL3A1/SULF1/CLDN3",32
"BP","GO:0042692","muscle cell differentiation","32/652","365/18842",0.0876712328767123,2.53359105807211,5.60144006705736,1.5307391086522e-06,5.35046716349827e-05,1.77458819391387e-05,"EDN1/TMEM204/SYNE1/MYH11/KRT19/MEIS1/QKI/CDK1/CAPN3/BMP2/TBX3/RAMP2/ITGA8/GATA6/LMOD1/EDNRA/CEACAM5/CAV2/HEY1/NEBL/ENG/KRT8/CCNB1/EFNB2/FGFR2/EDNRB/GREM1/FHL2/MYL9/TBX2/DMD/RCAN1",32
"BP","GO:0070293","renal absorption","9/652","34/18842",0.264705882352941,7.64967520750632,7.3473039583246,1.62519033816936e-06,5.63691018061974e-05,1.86959268247155e-05,"HBB/SLC15A2/GAS6/EDN1/HYAL2/EDNRA/STK39/EDNRB/CLDN4",9
"BP","GO:0045839","negative regulation of mitotic nuclear division","12/652","64/18842",0.1875,5.41851993865031,6.70349919934309,1.68362987217442e-06,5.79502831575148e-05,1.92203568740442e-05,"BUB1B/TTK/ZWINT/NDC80/TRIP13/BIRC5/CENPF/DUSP1/BUB1/CCNB1/CDC20/MAD2L1",12
"BP","GO:0051304","chromosome separation","14/652","88/18842",0.159090909090909,4.59753206915784,6.40410549390086,1.85567744275937e-06,6.30963709787772e-05,2.09271586192744e-05,"BUB1B/DLGAP5/TTK/ZWINT/NDC80/TRIP13/BIRC5/UBE2C/CENPF/DUSP1/BUB1/CCNB1/CDC20/MAD2L1",14
"BP","GO:0090287","regulation of cellular response to growth factor stimulus","30/652","333/18842",0.0900900900900901,2.60349306361576,5.58929648913838,1.86112604572574e-06,6.30963709787772e-05,2.09271586192744e-05,"SOSTDC1/CHRDL1/FOLR1/ANGPT1/TMEM204/MMRN2/TGFBR3/DCN/ZEB2/JCAD/BMP2/SEMA6A/CDH3/DKK3/CDH5/LRRC32/CDKN1C/LTBP4/SLIT2/ENG/CXCL13/CAV1/CRIM1/GDF15/AGTR2/GREM1/ZNF423/SMAD6/SULF1/DMD",30
"BP","GO:0042116","macrophage activation","15/652","101/18842",0.148514851485149,4.29189698110915,6.28014925427477,1.96435569902771e-06,6.56873091337187e-05,2.17864944717188e-05,"IL6/LDLR/HSPD1/CX3CR1/MIF/CLU/AGER/VSIG4/PLA2G4A/TYROBP/CD93/IL33/C5AR1/STK39/IL1RL1",15
"BP","GO:0002455","humoral immune response mediated by circulating immunoglobulin","10/652","44/18842",0.227272727272727,6.56790295593977,7.00037968784727,1.96668590220715e-06,6.56873091337187e-05,2.17864944717188e-05,"IGHG1/C4BPA/CD55/IGHD/CLU/IGHA1/IGHG3/C7/IGHA2/C1QB",10
"BP","GO:0030595","leukocyte chemotaxis","23/652","217/18842",0.105990783410138,3.063003590512,5.78683544853661,1.9880833939639e-06,6.58448039113698e-05,2.18387307278217e-05,"VEGFD/GAS6/IL6/EDN1/MDK/CX3CR1/SFTPD/MIF/CXCL12/F2RL1/SLIT2/NEDD9/PTN/DUSP1/PERP/C5AR1/CXCL13/STK39/PLA2G1B/EDNRB/GREM1/CXCL3/ALOX5",23
"BP","GO:0030199","collagen fibril organization","12/652","65/18842",0.184615384615385,5.3351580934403,6.62838824034539,2.00060726011481e-06,6.58448039113698e-05,2.18387307278217e-05,"COL1A1/COL5A2/TNXB/COL5A1/PLOD2/COL11A1/COL1A2/COL4A3/GREM1/COL3A1/COL4A5/DPT",12
"BP","GO:0007178","cell surface receptor protein serine/threonine kinase signaling pathway","33/652","389/18842",0.0848329048843188,2.45156686170297,5.47693741032055,2.16924427709215e-06,7.08776988797717e-05,2.35079898259927e-05,"SOSTDC1/CLDN5/CHRDL1/RGCC/FOLR1/TGFBR2/WWTR1/TTK/TMEM100/TGFBR3/ZEB2/FOS/HPGD/BMP2/CDH3/DKK3/CDH5/LRRC32/CDKN1C/LTBP4/COL1A2/ENG/CAV1/CRIM1/GDF15/GDF10/GREM1/FERMT2/ZNF423/COL3A1/ID1/SMAD6/SULF1",33
"BP","GO:0033045","regulation of sister chromatid segregation","16/652","115/18842",0.139130434782609,4.02069885302747,6.15150907059509,2.18668490130801e-06,7.09335411510635e-05,2.35265110190637e-05,"BUB1B/DLGAP5/TTK/ZWINT/CDK1/NDC80/TRIP13/KAT2B/BIRC5/UBE2C/CENPF/DUSP1/BUB1/CCNB1/CDC20/MAD2L1",16
"BP","GO:0016064","immunoglobulin mediated immune response","20/652","172/18842",0.116279069767442,3.36032244257383,5.88739023774978,2.21351158486656e-06,7.10305807452171e-05,2.35586961185822e-05,"IGHG1/HSPD1/IGKC/IGHV3-23/HLA-E/C4BPA/IGHV1-69-2/CD55/IGHD/IGHV3-21/CLU/IGHV1-69/IGHV3-48/IGHA1/IGHG3/C7/IGHA2/IGHV4-31/IGLL5/C1QB",20
"BP","GO:0016049","cell growth","35/652","426/18842",0.0821596244131455,2.3743123361848,5.43190310551426,2.22118249835343e-06,7.10305807452171e-05,2.35586961185822e-05,"NRN1/H3-3B/FHL1/EDN1/TRPV2/CDKN2A/SESN1/HYAL1/HYAL2/MEIS1/SOCS2/CEACAM1/TNC/ENO1/SEMA3G/CXCL12/CDH1/EDNRA/FLRT3/NEDD4L/NET1/LTBP4/SLIT2/SPP1/NPR1/FBP1/AGTR1/CRYAB/FAM107A/MACF1/HBEGF/AGTR2/WFDC1/SFN/SEMA5A",35
"BP","GO:0035150","regulation of tube size","17/652","129/18842",0.131782945736434,3.80836543491701,6.0594916118263,2.28072042803352e-06,7.14150584027996e-05,2.36862157334345e-05,"HBB/EDN1/SVEP1/PECAM1/ADRB2/F2RL1/KLF2/EDNRA/KAT2B/GCLC/NPR1/AGTR1/DOCK4/CAV1/AGTR2/SLC6A4/EDNRB",17
"BP","GO:0035296","regulation of tube diameter","17/652","129/18842",0.131782945736434,3.80836543491701,6.0594916118263,2.28072042803352e-06,7.14150584027996e-05,2.36862157334345e-05,"HBB/EDN1/SVEP1/PECAM1/ADRB2/F2RL1/KLF2/EDNRA/KAT2B/GCLC/NPR1/AGTR1/DOCK4/CAV1/AGTR2/SLC6A4/EDNRB",17
"BP","GO:0097746","blood vessel diameter maintenance","17/652","129/18842",0.131782945736434,3.80836543491701,6.0594916118263,2.28072042803352e-06,7.14150584027996e-05,2.36862157334345e-05,"HBB/EDN1/SVEP1/PECAM1/ADRB2/F2RL1/KLF2/EDNRA/KAT2B/GCLC/NPR1/AGTR1/DOCK4/CAV1/AGTR2/SLC6A4/EDNRB",17
"BP","GO:2001214","positive regulation of vasculogenesis","6/652","13/18842",0.461538461538462,13.3378952336008,8.4247796300038,2.33896040062927e-06,7.27336030788786e-05,2.41235371380552e-05,"CD34/TMEM100/CEACAM1/RRAS/RAMP2/DSP",6
"BP","GO:0071774","response to fibroblast growth factor","15/652","103/18842",0.145631067961165,4.20855917565072,6.18179904747873,2.52875936238412e-06,7.80970956506164e-05,2.59024454660763e-05,"COL1A1/NR4A1/HYAL1/HYAL2/NDNF/KL/FLRT3/GCLC/ZFP36/FGFR4/CXCL13/FGFR2/TBX2/SULF1/SCGB1A1",15
"BP","GO:0019730","antimicrobial humoral response","21/652","189/18842",0.111111111111111,3.21097477845944,5.78362023507089,2.59633184824314e-06,7.96385054675396e-05,2.64136844998856e-05,"IGHG1/GAPDH/SLPI/WFDC2/HLA-E/IGHD/IGHM/H2BC5/CXCL12/CXCL2/GATA6/IGHA1/IGHG3/CCL14/CXCL13/IGHA2/PLA2G1B/PGC/CXCL3/CXCL14/DMBT1",21
"BP","GO:0048638","regulation of developmental growth","23/652","221/18842",0.104072398190045,3.00756461149821,5.6836011234117,2.71933487146564e-06,8.23118068547767e-05,2.73003377463401e-05,"WWC2/EDN1/TRPV2/PTCH1/ACACB/RBP4/TGFBR3/CDK1/CAPN3/SEMA3G/CXCL12/CDH1/NEDD4L/SPP1/CCNB1/MACF1/FGFR2/GDF15/SLC6A4/GHR/TBX2/AGR2/SEMA5A",23
"BP","GO:0141091","transforming growth factor beta receptor superfamily signaling pathway","31/652","357/18842",0.0868347338935574,2.50941726383805,5.45121255674141,2.71999539174135e-06,8.23118068547767e-05,2.73003377463401e-05,"SOSTDC1/CLDN5/CHRDL1/RGCC/FOLR1/TGFBR2/TMEM100/TGFBR3/ZEB2/FOS/HPGD/BMP2/CDH3/DKK3/CDH5/LRRC32/CDKN1C/LTBP4/COL1A2/ENG/CAV1/CRIM1/GDF15/GDF10/GREM1/FERMT2/ZNF423/COL3A1/ID1/SMAD6/SULF1",31
"BP","GO:0002690","positive regulation of leukocyte chemotaxis","14/652","92/18842",0.152173913043478,4.3976393704988,6.18486153495442,3.20027428227976e-06,9.62002449253297e-05,3.19067127559931e-05,"VEGFD/GAS6/IL6/EDN1/MDK/CX3CR1/CXCL12/F2RL1/NEDD9/PTN/PERP/C5AR1/CXCL13/STK39",14
"BP","GO:0051145","smooth muscle cell differentiation","11/652","57/18842",0.192982456140351,5.5769561941664,6.55191126668669,3.39050848840249e-06,0.000101243726981502,3.35794832710912e-05,"TMEM204/QKI/RAMP2/ITGA8/GATA6/EDNRA/HEY1/ENG/FGFR2/EDNRB/RCAN1",11
"BP","GO:0050890","cognition","23/652","224/18842",0.102678571428571,2.9672847283085,5.6076918416114,3.42056667815708e-06,0.000101469310209278,3.36543024075373e-05,"GPI/CLDN5/MME/FEN1/LDLR/NTRK2/TMPRSS11E/MDK/LCN2/FOS/AGER/KAT2B/SLC1A1/EGR1/NEDD9/NRGN/PTN/C5AR1/FAM107A/SLC6A4/BCHE/CAMK2N1/SOBP",23
"BP","GO:0019724","B cell mediated immunity","20/652","177/18842",0.112994350282486,3.26539807978926,5.73292931650849,3.45588927848952e-06,0.000101847089913132,3.37796005136417e-05,"IGHG1/HSPD1/IGKC/IGHV3-23/HLA-E/C4BPA/IGHV1-69-2/CD55/IGHD/IGHV3-21/CLU/IGHV1-69/IGHV3-48/IGHA1/IGHG3/C7/IGHA2/IGHV4-31/IGLL5/C1QB",20
"BP","GO:0045916","negative regulation of complement activation","6/652","14/18842",0.428571428571429,12.3851884312007,8.0679197359838,3.97335700773109e-06,0.000116336797064023,3.8585398298676e-05,"SERPING1/A2M/C4BPA/CD55/CLU/VSIG4",6
"BP","GO:0050921","positive regulation of chemotaxis","17/652","135/18842",0.125925925925926,3.6391047489207,5.82613927652808,4.28855133255191e-06,0.000123955627938952,4.11123341547288e-05,"VEGFD/GAS6/IL6/EDN1/MDK/CX3CR1/CXCL12/F2RL1/S1PR1/SLIT2/NEDD9/PTN/PERP/C5AR1/CXCL13/STK39/SEMA5A",17
"BP","GO:0097237","cellular response to toxic substance","17/652","135/18842",0.125925925925926,3.6391047489207,5.82613927652808,4.28855133255191e-06,0.000123955627938952,4.11123341547288e-05,"HBB/SLC39A8/EDN1/NQO1/SESN1/HBA1/ALDH2/ALDH1A1/ALOX5AP/FBLN5/EDNRA/PRDX4/GPX3/CAT/CD36/CP/HBA2",17
"BP","GO:0051784","negative regulation of nuclear division","12/652","70/18842",0.171428571428571,4.95407537248028,6.27477436948663,4.51251550689958e-06,0.000129598295672677,4.29838364434932e-05,"BUB1B/TTK/ZWINT/NDC80/TRIP13/BIRC5/CENPF/DUSP1/BUB1/CCNB1/CDC20/MAD2L1",12
"BP","GO:0050920","regulation of chemotaxis","21/652","196/18842",0.107142857142857,3.09629710780018,5.58531220369087,4.63860965578564e-06,0.000132376524923655,4.39052910899971e-05,"VEGFD/GAS6/IL6/EDN1/MDK/CX3CR1/MIF/CXCL12/F2RL1/S1PR1/SLIT2/NEDD9/PTN/DUSP1/PERP/C5AR1/CXCL13/STK39/EFNB2/GREM1/SEMA5A",21
"BP","GO:0001558","regulation of cell growth","31/652","367/18842",0.0844686648501362,2.44104077163538,5.27808646220391,4.80300718354572e-06,0.000136110907090507,4.51438727506919e-05,"H3-3B/FHL1/EDN1/TRPV2/CDKN2A/SESN1/HYAL1/HYAL2/SOCS2/CEACAM1/TNC/ENO1/SEMA3G/CXCL12/CDH1/NEDD4L/NET1/LTBP4/SLIT2/SPP1/NPR1/FBP1/AGTR1/CRYAB/FAM107A/MACF1/HBEGF/AGTR2/WFDC1/SFN/SEMA5A",31
"BP","GO:0010718","positive regulation of epithelial to mesenchymal transition","11/652","59/18842",0.186440677966102,5.38790683165228,6.39087535486106,4.829839240293e-06,0.000136110907090507,4.51438727506919e-05,"EMP2/RGCC/COL1A1/IL6/MDK/TGFBR2/WWTR1/BMP2/EZH2/ENG/FERMT2",11
"BP","GO:0055001","muscle cell development","18/652","151/18842",0.119205298013245,3.44488684841344,5.71071375972522,4.96542222948446e-06,0.000139062663557425,4.61228811283597e-05,"EDN1/MYH11/KRT19/MEIS1/CDK1/CAPN3/TBX3/RAMP2/LMOD1/EDNRA/CAV2/NEBL/ENG/KRT8/CCNB1/FHL2/MYL9/DMD",18
"BP","GO:0007229","integrin-mediated signaling pathway","15/652","109/18842",0.137614678899083,3.97689536781674,5.90109458622058,5.1927504069515e-06,0.000144531552993483,4.79367464097428e-05,"PLPP3/EMP2/FGR/PLAU/CEACAM1/ITGA8/TYROBP/DST/NEDD9/ADAMTS1/PTN/LIMS2/TIMP1/FERMT2/COL3A1",15
"BP","GO:0098813","nuclear chromosome segregation","28/652","315/18842",0.0888888888888889,2.56877982276755,5.31586745984135,5.28172248652371e-06,0.00014610605332353,4.84589605663076e-05,"CENPA/RCC1/H3-3B/KIF2A/TPX2/BUB1B/DLGAP5/TTK/ZWINT/KIF11/NUSAP1/CDK1/NDC80/TRIP13/KAT2B/BIRC5/PRC1/UBE2C/CENPF/DUSP1/BUB1/TOP2A/CCNB1/NEK2/CDC20/ECT2/KIF4A/MAD2L1",28
"BP","GO:0007179","transforming growth factor beta receptor signaling pathway","23/652","230/18842",0.1,2.8898773006135,5.45959500708608,5.33926642332049e-06,0.00014624798286566,4.85060343043821e-05,"CLDN5/RGCC/FOLR1/TGFBR2/TGFBR3/ZEB2/FOS/HPGD/BMP2/CDH3/DKK3/CDH5/LRRC32/CDKN1C/LTBP4/COL1A2/ENG/GDF15/GDF10/FERMT2/COL3A1/ID1/SMAD6",23
"BP","GO:0044344","cellular response to fibroblast growth factor stimulus","14/652","96/18842",0.145833333333333,4.21440439672802,5.97779815602903,5.35172259322107e-06,0.00014624798286566,4.85060343043821e-05,"COL1A1/NR4A1/HYAL1/HYAL2/NDNF/KL/FLRT3/GCLC/ZFP36/FGFR4/CXCL13/FGFR2/TBX2/SULF1",14
"BP","GO:0007266","Rho protein signal transduction","17/652","138/18842",0.123188405797101,3.55999377611808,5.71439989139745,5.7961396975051e-06,0.000157438517446087,5.22175962938641e-05,"HEG1/ARHGAP29/RASIP1/STARD13/F2RL1/DOCK9/NET1/TEK/ARRB1/AGTR1/COL1A2/KANK2/DLC1/CTNNAL1/ARHGAP6/FERMT2/COL3A1",17
"BP","GO:0050818","regulation of coagulation","12/652","72/18842",0.166666666666667,4.81646216768916,6.14263198242429,6.11782930478499e-06,0.000165181391229195,5.47856734322881e-05,"PROS1/EDN1/SERPING1/ANGPT1/FAP/PLAU/CEACAM1/F2RL1/THBD/CPB2/CD36/CAV1",12
"BP","GO:0070371","ERK1 and ERK2 cascade","27/652","300/18842",0.09,2.60088957055215,5.29179653274815,6.16733678437627e-06,0.000165526914052099,5.49002729062249e-05,"CHI3L1/GAS6/EDN1/ANGPT1/CCN2/MARCO/MIF/CEACAM1/CDK1/RRAS/BMP2/SEMA6A/AGER/F2RL1/FBLN1/RAMP3/PTGER4/KLF4/TEK/ARRB1/DUSP1/FGFR4/C5AR1/ATF3/CD36/FGFR2/FERMT2",27
"BP","GO:0002687","positive regulation of leukocyte migration","17/652","139/18842",0.122302158273381,3.53438231010284,5.67784215474618,6.39535357539465e-06,0.000170507056226809,5.65520354976384e-05,"VEGFD/GAS6/IL6/EDN1/MDK/CX3CR1/CXCL12/AGER/F2RL1/NEDD9/LYVE1/PTN/PERP/C5AR1/JAM2/CXCL13/STK39",17
"BP","GO:0072224","metanephric glomerulus development","6/652","15/18842",0.4,11.559509202454,7.74565634161707,6.42852063840263e-06,0.000170507056226809,5.65520354976384e-05,"TCF21/CD34/EGR1/LGR4/AGTR2/AQP1",6
"BP","GO:0016525","negative regulation of angiogenesis","18/652","154/18842",0.116883116883117,3.37777866305474,5.6093145767815,6.56384022871591e-06,0.000173078102872983,5.74047739380177e-05,"CLDN5/RGCC/PGK1/QKI/DCN/SEMA6A/FBLN5/KLF2/KLF4/HOXA5/NPR1/TEK/THBS2/ADAMTS1/CD36/COL4A3/SULF1/ALOX5",18
"BP","GO:0043114","regulation of vascular permeability","10/652","50/18842",0.2,5.77975460122699,6.40712981523424,6.75195885577328e-06,0.000177003386515591,5.87066718465701e-05,"CLDN5/ANGPT1/CEACAM1/ZEB2/RAMP2/CDH5/SLIT2/NPR1/TEK/FERMT2",10
"BP","GO:0001935","endothelial cell proliferation","20/652","186/18842",0.10752688172043,3.10739494689623,5.46830290089986,7.37232891950559e-06,0.000192149312705496,6.37301176469404e-05,"RGCC/NR4A1/MDK/GATA2/AKT3/CD34/MMRN2/ZEB2/JCAD/CXCL12/TEK/CAV2/AGTR1/ENG/TIE1/COL4A3/CAV1/SULF1/SEMA5A/ALOX5",20
"BP","GO:0019731","antibacterial humoral response","13/652","86/18842",0.151162790697674,4.36841917534598,5.92740589448113,7.72018851272908e-06,0.00020005936783848,6.63536437846139e-05,"IGHG1/SLPI/WFDC2/HLA-E/IGHD/IGHM/H2BC5/IGHA1/IGHG3/IGHA2/PLA2G1B/PGC/DMBT1",13
"BP","GO:2000181","negative regulation of blood vessel morphogenesis","18/652","156/18842",0.115384615384615,3.33447380840019,5.54309798647889,7.87233868712102e-06,0.000202836429372735,6.72747111347854e-05,"CLDN5/RGCC/PGK1/QKI/DCN/SEMA6A/FBLN5/KLF2/KLF4/HOXA5/NPR1/TEK/THBS2/ADAMTS1/CD36/COL4A3/SULF1/ALOX5",18
"BP","GO:0035265","organ growth","15/652","113/18842",0.132743362831858,3.83612031054889,5.72487488885869,8.14681608138521e-06,0.000208715873357761,6.92247449474931e-05,"WWC2/LEPR/EDN1/ACACB/MEIS1/RBP4/TGFBR3/CDK1/FBLN5/S1PR1/CLDN18/CCNB1/FGFR2/SLC6A4/TBX2",15
"BP","GO:0001823","mesonephros development","12/652","74/18842",0.162162162162162,4.68628751450837,6.01527505748046,8.20413291246855e-06,0.000208996809617631,6.931792301116e-05,"TCF21/GPC3/ZBTB16/BMP2/EPCAM/SLIT2/LGR4/CAT/FGFR2/AGTR2/GREM1/SMAD6",12
"BP","GO:0030071","regulation of mitotic metaphase/anaphase transition","14/652","100/18842",0.14,4.0458282208589,5.78171743071495,8.70167425871464e-06,0.000220426119283957,7.3108679477589e-05,"BUB1B/DLGAP5/TTK/ZWINT/NDC80/TRIP13/BIRC5/UBE2C/CENPF/DUSP1/BUB1/CCNB1/CDC20/MAD2L1",14
"BP","GO:0006898","receptor-mediated endocytosis","25/652","271/18842",0.0922509225092251,2.66593846920064,5.22980360893668,8.82353932380647e-06,0.000222264462631527,7.37184023861258e-05,"SNX1/ENTREP1/FOLR1/LDLR/ANGPT1/SFTPD/MARCO/CEACAM1/ADRB2/CLU/MRC1/RAMP3/RAMP2/NEDD4L/CAV2/LYVE1/ARRB1/CD36/CAV1/EFNB2/GREM1/GHR/MSR1/DMBT1/CALCRL",25
"BP","GO:0032102","negative regulation of response to external stimulus","33/652","416/18842",0.0793269230769231,2.29245074327513,5.04666591382397,9.05132193251577e-06,0.00022673561440952,7.5201348251592e-05,"SLC39A8/PROS1/EDN1/SERPING1/DSG2/LDLR/MDK/IRAK3/A2M/HLA-E/FAP/FGR/MIF/PLAU/CEACAM1/VSIG4/CDH5/NR4A3/PTGER4/KLF4/THBD/SLIT2/SPP1/TEK/CPB2/IL33/DUSP1/CXCL13/GREM1/SFN/SEMA5A/MMP12/ALOX5",33
"BP","GO:1901343","negative regulation of vasculature development","18/652","158/18842",0.113924050632911,3.29226527917993,5.47794810285336,9.41049083017713e-06,0.000234430404161705,7.77534773707155e-05,"CLDN5/RGCC/PGK1/QKI/DCN/SEMA6A/FBLN5/KLF2/KLF4/HOXA5/NPR1/TEK/THBS2/ADAMTS1/CD36/COL4A3/SULF1/ALOX5",18
"BP","GO:0071375","cellular response to peptide hormone stimulus","28/652","325/18842",0.0861538461538462,2.48974044360547,5.12892559129295,9.52226939250836e-06,0.00023591160819132,7.82447479651158e-05,"EDN1/ADCY9/SRD5A1/CA2/NR4A1/AKT3/PDK4/SOCS2/CEACAM1/FOS/PID1/KLF2/NR4A3/EDNRA/KAT2B/KLF4/GCLC/CAV2/FBP1/AGTR1/NR4A2/CAV1/SORBS1/GDF15/PLA2G1B/AGTR2/PIK3R1/GHR",28
"BP","GO:0006979","response to oxidative stress","32/652","400/18842",0.08,2.3119018404908,5.02095988147666,1.04072257972725e-05,0.000256427219234436,8.50491558860571e-05,"HBB/COL1A1/IL6/EDN1/NQO1/SESN1/HYAL1/HBA1/LCN2/HYAL2/CDK1/FOS/FBLN5/KLF2/EDNRA/KAT2B/KLF4/PRDX4/NET1/GCLC/DUOX1/DUSP1/CRYAB/GPX3/GPR37/CAT/CD36/HBA2/AQP1/ECT2/SCGB1A1/ALOX5",32
"BP","GO:1904666","regulation of ubiquitin protein ligase activity","5/652","10/18842",0.5,14.4493865030675,8.05403800704999,1.06561407330336e-05,0.000261133361767655,8.66100410804006e-05,"CDKN2A/UBE2S/UBE2C/CDC20/MAD2L1",5
"BP","GO:0097529","myeloid leukocyte migration","21/652","207/18842",0.101449275362319,2.93175958033253,5.29094165025051,1.08814523507171e-05,0.000264498313112758,8.77260937067678e-05,"EMP2/VEGFD/IL6/EDN1/MDK/CX3CR1/SFTPD/PECAM1/MIF/CXCL12/AGER/PTGER4/SLIT2/DUSP1/PERP/C5AR1/CXCL13/PLA2G1B/EDNRB/GREM1/CXCL3",21
"BP","GO:0003151","outflow tract morphogenesis","11/652","64/18842",0.171875,4.96697661042945,6.0184461994189,1.096943547396e-05,0.000264498313112758,8.77260937067678e-05,"CLDN5/FOLR1/EDN1/TGFBR2/TGFBR3/GATA6/EDNRA/ENG/FGFR2/TBX2/SMAD6",11
"BP","GO:0014823","response to activity","11/652","64/18842",0.171875,4.96697661042945,6.0184461994189,1.096943547396e-05,0.000264498313112758,8.77260937067678e-05,"IL6/EDN1/SRD5A1/RBP4/CDK1/CAPN3/FOS/KL/SLC7A5/GCLC/CAT",11
"BP","GO:0048660","regulation of smooth muscle cell proliferation","18/652","160/18842",0.1125,3.25111196319018,5.41383264530984,1.12130062701488e-05,0.000268933219532451,8.91970180827162e-05,"MMP9/RGCC/IL6/EDN1/RGS5/OGN/HPGD/BMP2/S1PR1/NR4A3/KLF4/CNN1/NPR1/ADAMTS1/FGFR2/HBEGF/PIK3R1/IGFBP3",18
"BP","GO:0060411","cardiac septum morphogenesis","10/652","53/18842",0.188679245283019,5.45259868040282,6.14552624877141,1.16728827937018e-05,0.000278481632364029,9.23639379354594e-05,"TGFBR2/TGFBR3/GATA6/SLIT2/HEY1/ENG/FGFR2/SOX4/TBX2/SMAD6",10
"BP","GO:0002697","regulation of immune effector process","29/652","347/18842",0.0835734870317003,2.41517123106027,5.03739473517013,1.18549129121011e-05,0.000281335801687703,9.33105796081302e-05,"GPI/IL6/SERPING1/HSPD1/IRAK3/CX3CR1/A2M/HLA-E/GATA2/C4BPA/FGR/MIF/CD55/CEACAM1/RBP4/CLU/AGER/F2RL1/VSIG4/NR4A3/SLC7A5/TYROBP/FCN3/CADM1/IL33/CFB/PGC/INAVA/DNASE1L3",29
"BP","GO:0030038","contractile actin filament bundle assembly","14/652","103/18842",0.135922330097087,3.92798856394068,5.64123518523737,1.23184436469521e-05,0.000287792033181902,9.54519163992318e-05,"RGCC/SYNPO/CCN2/ZEB2/S1PR1/PTGER4/LIMCH1/ARRB1/SORBS1/DLC1/PIK3R1/MYL9/ARHGAP6/FERMT2",14
"BP","GO:0043149","stress fiber assembly","14/652","103/18842",0.135922330097087,3.92798856394068,5.64123518523737,1.23184436469521e-05,0.000287792033181902,9.54519163992318e-05,"RGCC/SYNPO/CCN2/ZEB2/S1PR1/PTGER4/LIMCH1/ARRB1/SORBS1/DLC1/PIK3R1/MYL9/ARHGAP6/FERMT2",14
"BP","GO:1902099","regulation of metaphase/anaphase transition of cell cycle","14/652","103/18842",0.135922330097087,3.92798856394068,5.64123518523737,1.23184436469521e-05,0.000287792033181902,9.54519163992318e-05,"BUB1B/DLGAP5/TTK/ZWINT/NDC80/TRIP13/BIRC5/UBE2C/CENPF/DUSP1/BUB1/CCNB1/CDC20/MAD2L1",14
"BP","GO:0043491","phosphatidylinositol 3-kinase/protein kinase B signal transduction","26/652","294/18842",0.0884353741496599,2.55567380326364,5.08982772662872,1.24611461132758e-05,0.000289625298065776,9.6059954934901e-05,"PIP5K1B/CHI3L1/RGCC/GAS6/PROS1/EDN1/NTRK2/ANGPT1/CX3CR1/FGR/PECAM1/HYAL2/CEACAM1/DCN/RRAS/F2RL1/RAMP3/CEP55/KLF4/TEK/ENG/GDF15/HBEGF/PIK3R1/FERMT2/SEMA5A",26
"BP","GO:2000352","negative regulation of endothelial cell apoptotic process","8/652","33/18842",0.242424242424242,7.00576315300242,6.53735005809064,1.26986926275562e-05,0.000293632846449493,9.73891375709144e-05,"GAS6/ANGPT1/GATA2/NDNF/RAMP2/CDH5/TEK/SEMA5A",8
"BP","GO:0090066","regulation of anatomical structure size","33/652","423/18842",0.0780141843971631,2.25451420615237,4.94051436636306,1.27799534947989e-05,0.000293944704343851,9.74925714058667e-05,"HBB/SPTBN1/EDN1/TRPV2/SVEP1/PECAM1/ADRB2/SEMA3G/CYRIA/CXCL12/F2RL1/KLF2/KANK3/CDH1/LMOD1/EDNRA/KAT2B/SLIT2/SPP1/GCLC/NPR1/AQP4/AGTR1/DOCK4/STK39/CAV1/MACF1/KANK2/AGTR2/SLC6A4/AQP1/EDNRB/SEMA5A",33
"BP","GO:0072009","nephron epithelium development","13/652","90/18842",0.144444444444444,4.17426721199727,5.71479115435129,1.28425608240715e-05,0.000293944704343851,9.74925714058667e-05,"EDN1/CD24/TCF21/PECAM1/CD34/GPC3/BMP2/EDNRA/PODXL/LGR4/AGTR2/AQP1/GREM1",13
"BP","GO:0008217","regulation of blood pressure","18/652","162/18842",0.111111111111111,3.21097477845944,5.35072071051669,1.3318955368692e-05,0.000303308938168849,0.000100598404650533,"HBB/MME/NMU/EDN1/NPR3/ADRB2/CPA3/F2RL1/RAMP2/KCNK3/KL/EDNRA/NPR1/AGTR1/COL1A2/ENG/AGTR2/EDNRB",18
"BP","GO:0007091","metaphase/anaphase transition of mitotic cell cycle","14/652","104/18842",0.134615384615385,3.89021944313355,5.59558237759768,1.37894358458063e-05,0.000311959547536657,0.000103467550238231,"BUB1B/DLGAP5/TTK/ZWINT/NDC80/TRIP13/BIRC5/UBE2C/CENPF/DUSP1/BUB1/CCNB1/CDC20/MAD2L1",14
"BP","GO:0001659","temperature homeostasis","20/652","194/18842",0.103092783505155,2.97925494908608,5.24621273552704,1.38371943906257e-05,0.000311959547536657,0.000103467550238231,"NMU/LEPR/TRPV2/FABP5/LCN2/NPR3/QKI/ADRB2/ALDH1A1/LAMA4/EPAS1/EGR1/LGR4/CD36/CAV1/FABP4/EDNRB/ZNF423/ACADL/ID1",20
"BP","GO:0048659","smooth muscle cell proliferation","18/652","163/18842",0.110429447852761,3.19127554668975,5.31953176486021,1.44992237974196e-05,0.000325258706977936,0.000107878479342605,"MMP9/RGCC/IL6/EDN1/RGS5/OGN/HPGD/BMP2/S1PR1/NR4A3/KLF4/CNN1/NPR1/ADAMTS1/FGFR2/HBEGF/PIK3R1/IGFBP3",18
"BP","GO:0010595","positive regulation of endothelial cell migration","16/652","133/18842",0.120300751879699,3.47654412103879,5.42632780134362,1.46932259263401e-05,0.000327978988623107,0.000108780714520231,"GPI/PLPP3/SRPX2/EDN1/ANGPT1/LCN2/GATA2/AKT3/TGFBR3/RRAS/JCAD/SASH1/TEK/ANXA3/GREM1/SEMA5A",16
"BP","GO:0030193","regulation of blood coagulation","11/652","66/18842",0.166666666666667,4.81646216768916,5.88018262130054,1.4881872923447e-05,0.000329493875988655,0.00010928315685879,"PROS1/EDN1/SERPING1/FAP/PLAU/CEACAM1/F2RL1/THBD/CPB2/CD36/CAV1",11
"BP","GO:0007611","learning or memory","19/652","179/18842",0.106145251396648,3.06746752579086,5.26179479839728,1.49268177746357e-05,0.000329493875988655,0.00010928315685879,"GPI/CLDN5/MME/FEN1/LDLR/NTRK2/MDK/LCN2/FOS/AGER/KAT2B/SLC1A1/EGR1/NEDD9/NRGN/PTN/SLC6A4/BCHE/CAMK2N1",19
"BP","GO:0002921","negative regulation of humoral immune response","6/652","17/18842",0.352941176470588,10.1995669433418,7.18428868845812,1.49803159409346e-05,0.000329493875988655,0.00010928315685879,"SERPING1/A2M/C4BPA/CD55/CLU/VSIG4",6
"BP","GO:0032963","collagen metabolic process","14/652","105/18842",0.133333333333333,3.85316973415133,5.55049419426344,1.54133297694914e-05,0.000337372349177848,0.000111896208220546,"MMP9/RGCC/COL1A1/IL6/MFAP4/TNXB/COL5A1/FAP/PLOD2/MMP1/MMP11/MMP7/P3H2/MMP12",14
"BP","GO:0071674","mononuclear cell migration","21/652","212/18842",0.0990566037735849,2.86261430721148,5.1634961874945,1.56824691544944e-05,0.000341605088973988,0.000113300080039699,"GAS6/IL6/MDK/CX3CR1/SFTPD/PECAM1/MIF/ICAM2/CXCL12/AGER/S1PR1/SLIT2/NEDD9/DUSP1/C5AR1/JAM2/CXCL13/STK39/EDNRB/GREM1/ALOX5",21
"BP","GO:0042744","hydrogen peroxide catabolic process","7/652","25/18842",0.28,8.09165644171779,6.71741102706575,1.60430818332545e-05,0.000347780076856465,0.000115348136827817,"HBB/HBA1/PRDX4/DUOX1/GPX3/CAT/HBA2",7
"BP","GO:0002920","regulation of humoral immune response","9/652","44/18842",0.204545454545455,5.91111266034579,6.17461431786243,1.61217132590162e-05,0.000347812464521072,0.000115358878836969,"SERPING1/A2M/C4BPA/CD55/CLU/VSIG4/GATA6/CXCL13/PGC",9
"BP","GO:0043410","positive regulation of MAPK cascade","33/652","428/18842",0.0771028037383178,2.22817642337022,4.86595394838082,1.62532669486109e-05,0.00034898086033946,0.000115746400405044,"CHI3L1/GAS6/IL6/EDN1/NTRK2/ANGPT1/CCN2/PECAM1/MARCO/MIF/ADRB2/JCAD/BMP2/AGER/F2RL1/RAMP3/SASH1/TEK/CAV2/ARRB1/EZH2/FGFR4/C5AR1/GPR37/CD36/GADD45B/STK39/FGFR2/GDF15/PLA2G1B/INAVA/FERMT2/GHR",33
"BP","GO:1903035","negative regulation of response to wounding","13/652","92/18842",0.141304347826087,4.08352227260603,5.61306136890463,1.63782524171998e-05,0.000349997820612105,0.000116083695381046,"PROS1/EDN1/SERPING1/DSG2/MDK/FAP/PLAU/CEACAM1/THBD/SPP1/CPB2/IL33/ALOX5",13
"BP","GO:0001657","ureteric bud development","11/652","67/18842",0.164179104477612,4.74457467264902,5.81312078940404,1.7255819771158e-05,0.000363871096121789,0.000120685041427679,"TCF21/GPC3/BMP2/EPCAM/SLIT2/LGR4/CAT/FGFR2/AGTR2/GREM1/SMAD6",11
"BP","GO:1900046","regulation of hemostasis","11/652","67/18842",0.164179104477612,4.74457467264902,5.81312078940404,1.7255819771158e-05,0.000363871096121789,0.000120685041427679,"PROS1/EDN1/SERPING1/FAP/PLAU/CEACAM1/F2RL1/THBD/CPB2/CD36/CAV1",11
"BP","GO:0048598","embryonic morphogenesis","29/652","354/18842",0.0819209039548023,2.36741360784722,4.91717862839301,1.7269793683042e-05,0.000363871096121789,0.000120685041427679,"FOXF1/MMP9/EFEMP1/FOLR1/COL5A2/TGFBR2/COL5A1/TFAP2A/TCF21/PTCH1/GPC3/ZBTB16/RBP4/TBX3/ITGA8/NR4A3/COL11A1/EDNRA/KLF4/FLRT3/DUSP1/ENG/FGFR2/FOXF2/DLC1/GREM1/SOBP/TBX2/SULF1",29
"BP","GO:1901654","response to ketone","20/652","197/18842",0.101522842639594,2.93388558437918,5.165853889106,1.73502518665302e-05,0.000363871096121789,0.000120685041427679,"GPI/GAS6/EDN1/SRD5A1/TGFBR3/FOS/PTGER4/POSTN/SLIT2/SPP1/FBP1/DUSP1/KLF9/STK39/CAV1/AQP1/CLDN4/FOSB/GHR/TBX2",20
"BP","GO:0035051","cardiocyte differentiation","16/652","135/18842",0.118518518518519,3.42503976369007,5.35356522705481,1.77569343617557e-05,0.000370676004801651,0.000122942023899477,"FOLR1/EDN1/MYH11/MEIS1/TGFBR3/CDK1/BMP2/TBX3/GATA6/EDNRA/NEBL/CCNB1/EFNB2/GREM1/FHL2/TBX2",16
"BP","GO:0002237","response to molecule of bacterial origin","27/652","319/18842",0.0846394984326019,2.44597765255688,4.9312915781039,1.88123514228787e-05,0.000387774358563569,0.000128613030896448,"MMP9/SLPI/IL6/EDN1/NQO1/NR4A1/IRAK3/CD24/CX3CR1/LCN2/MIF/CD55/FOS/HPGD/CXCL2/SASH1/SLC7A5/ZFP36/CD36/CXCL13/EFNB2/FGFR2/PLSCR4/EDNRB/INAVA/SMAD6/SCGB1A1",27
"BP","GO:0062197","cellular response to chemical stress","26/652","301/18842",0.0863787375415282,2.49623952876913,4.9542420145271,1.88155580904747e-05,0.000387774358563569,0.000128613030896448,"IL6/EDN1/NQO1/LCN2/MYLK/SLC2A1/CDK1/CAPN3/FOS/FBLN5/KLF2/EDNRA/KAT2B/KLF4/NET1/FBP1/GPX3/GPR37/CAT/CD36/STK39/CAV1/GDF15/AQP1/ECT2/ALOX5",26
"BP","GO:0048639","positive regulation of developmental growth","15/652","121/18842",0.12396694214876,3.58249252142169,5.39543741395828,1.88340174152632e-05,0.000387774358563569,0.000128613030896448,"EDN1/TRPV2/ACACB/TGFBR3/CDK1/CAPN3/CXCL12/NEDD4L/CCNB1/MACF1/FGFR2/GHR/TBX2/AGR2/SEMA5A",15
"BP","GO:0044784","metaphase/anaphase transition of cell cycle","14/652","107/18842",0.130841121495327,3.78114786996159,5.46196035562216,1.91745962097238e-05,0.000392992065043839,0.000130343586385576,"BUB1B/DLGAP5/TTK/ZWINT/NDC80/TRIP13/BIRC5/UBE2C/CENPF/DUSP1/BUB1/CCNB1/CDC20/MAD2L1",14
"BP","GO:0072163","mesonephric epithelium development","11/652","68/18842",0.161764705882353,4.6748015156983,5.74737268395733,1.99509800889922e-05,0.000405220582077774,0.000134399415772876,"TCF21/GPC3/BMP2/EPCAM/SLIT2/LGR4/CAT/FGFR2/AGTR2/GREM1/SMAD6",11
"BP","GO:0072164","mesonephric tubule development","11/652","68/18842",0.161764705882353,4.6748015156983,5.74737268395733,1.99509800889922e-05,0.000405220582077774,0.000134399415772876,"TCF21/GPC3/BMP2/EPCAM/SLIT2/LGR4/CAT/FGFR2/AGTR2/GREM1/SMAD6",11
"BP","GO:0042180","ketone metabolic process","21/652","216/18842",0.0972222222222222,2.80960293115201,5.06418765740566,2.08145385872145e-05,0.000420864369909193,0.000139587987227556,"NME1/EDN1/SRD5A1/NQO1/PGK1/FABP5/HSD17B6/CYP2B6/ACACB/PDK4/CEACAM1/BMP2/DKK3/CES1/KAT2B/EGR1/FGFR4/CAV1/GDF15/EDNRB/ACADL",21
"BP","GO:0120161","regulation of cold-induced thermogenesis","17/652","152/18842",0.111842105263158,3.23209961252825,5.23106526470789,2.11041272397042e-05,0.000424814775552796,0.000140898217344308,"LEPR/TRPV2/FABP5/LCN2/NPR3/QKI/ADRB2/ALDH1A1/LAMA4/EPAS1/LGR4/CD36/CAV1/FABP4/ZNF423/ACADL/ID1",17
"BP","GO:0032355","response to estradiol","14/652","108/18842",0.12962962962963,3.74613724153601,5.4184900567863,2.13417966868655e-05,0.000427689605604785,0.000141851711555911,"GPI/COL1A1/SRD5A1/PTCH1/SOCS2/HPGD/RAMP3/EZH2/IGFBP2/DUSP1/CRYAB/CAT/SLC6A4/GHR",14
"BP","GO:0042742","defense response to bacterium","27/652","322/18842",0.0838509316770186,2.42318904088709,4.87673838912075,2.22149011587441e-05,0.000443216766923793,0.000147001601522471,"IGHG1/SLC15A2/SLPI/IL6/WFDC2/LCN2/HLA-E/COLEC12/FGR/SFTPD/IGHD/MMRN2/IGHM/H2BC5/F2RL1/IL7R/IGHA1/IGHG3/IL33/DUOX1/CXCL13/IGHA2/PLA2G1B/ANXA3/AQP1/PGC/DMBT1",27
"BP","GO:0042063","gliogenesis","22/652","234/18842",0.094017094017094,2.71697865869645,5.00359788453682,2.2498577894235e-05,0.000446899064868306,0.000148222908421312,"TNFRSF21/IL6/LDLR/NTRK2/MDK/ADGRG6/CX3CR1/QKI/CLU/CDK1/MYRF/ZEB2/GPM6B/BMP2/AGER/SLC7A5/IL33/PTN/VCAN/C5AR1/SOX4/COL3A1",22
"BP","GO:0048644","muscle organ morphogenesis","10/652","57/18842",0.175438596491228,5.06996017651491,5.8261466363741,2.2824319756544e-05,0.000448828951941545,0.000148862993615951,"MYLK/TGFBR3/BMP2/S1PR1/EDNRA/DSP/ENG/FGFR2/TNNC1/COL3A1",10
"BP","GO:0060415","muscle tissue morphogenesis","10/652","57/18842",0.175438596491228,5.06996017651491,5.8261466363741,2.2824319756544e-05,0.000448828951941545,0.000148862993615951,"MYLK/TGFBR3/BMP2/S1PR1/EDNRA/DSP/ENG/FGFR2/TNNC1/COL3A1",10
"BP","GO:1990748","cellular detoxification","15/652","123/18842",0.121951219512195,3.52424061050426,5.31742540513298,2.29471728817256e-05,0.000448828951941545,0.000148862993615951,"HBB/SLC39A8/NQO1/SESN1/HBA1/ALDH2/ALDH1A1/ALOX5AP/FBLN5/PRDX4/GPX3/CAT/CD36/CP/HBA2",15
"BP","GO:0106106","cold-induced thermogenesis","17/652","153/18842",0.111111111111111,3.21097477845944,5.19871362833331,2.29938984028602e-05,0.000448828951941545,0.000148862993615951,"LEPR/TRPV2/FABP5/LCN2/NPR3/QKI/ADRB2/ALDH1A1/LAMA4/EPAS1/LGR4/CD36/CAV1/FABP4/ZNF423/ACADL/ID1",17
"BP","GO:0001936","regulation of endothelial cell proliferation","18/652","169/18842",0.106508875739645,3.07797582313864,5.13731525269289,2.37611135887108e-05,0.000461805436084039,0.000153166901079374,"RGCC/NR4A1/MDK/GATA2/AKT3/MMRN2/JCAD/CXCL12/TEK/CAV2/AGTR1/ENG/TIE1/COL4A3/CAV1/SULF1/SEMA5A/ALOX5",18
"BP","GO:0003073","regulation of systemic arterial blood pressure","12/652","82/18842",0.146341463414634,4.22908873260512,5.5479164424605,2.4072648592016e-05,0.00046585224249528,0.000154509104416204,"MME/NMU/EDN1/ADRB2/CPA3/F2RL1/KCNK3/KL/AGTR1/ENG/AGTR2/EDNRB",12
"BP","GO:0045785","positive regulation of cell adhesion","33/652","437/18842",0.0755148741418764,2.18228720641294,4.73429396350866,2.47516696013701e-05,0.000476945633472554,0.000158188446809527,"PLPP3/EMP2/IL6/DSG2/HSPD1/HYAL1/MDK/CD24/TGFBR2/HLA-E/NDNF/CD55/ZBTB16/RRAS/CXCL12/AGER/FBLN1/ECM2/IL7R/NR4A3/PODXL/TEK/NEDD9/IGFBP2/CD36/CXCL13/CAV1/EFNB2/FERMT2/SOX4/SFN/AGR2/ALOX5",33
"BP","GO:0030856","regulation of epithelial cell differentiation","16/652","139/18842",0.115107913669065,3.32647746833208,5.21206756735414,2.56326713139717e-05,0.000491820063637015,0.000163121845586577,"CLDN5/MMP9/WFDC2/DSG2/CD24/TMEM100/CEACAM1/ZEB2/APOLD1/BMP2/CDH5/ZFP36/ZBED2/CAV1/MAFF/SFN",16
"BP","GO:0030282","bone mineralization","13/652","96/18842",0.135416666666667,3.91337551124744,5.41797751915802,2.60887834669006e-05,0.000496347361401919,0.000164623413378403,"CLEC3B/ADGRG6/TFAP2A/GPM6B/BMP2/S1PR1/KL/SPP1/LGR4/PTN/FGFR2/GREM1/ALOX5",13
"BP","GO:1905954","positive regulation of lipid localization","13/652","96/18842",0.135416666666667,3.91337551124744,5.41797751915802,2.60887834669006e-05,0.000496347361401919,0.000164623413378403,"EDN1/PTCH1/ACACB/MIF/ABCA3/ABCG1/CES1/SPP1/LPL/CD36/CAV1/ABCA8/MSR1",13
"BP","GO:0007610","behavior","31/652","400/18842",0.0775,2.23965490797546,4.744453714229,2.64563741372709e-05,0.000501226012541826,0.000166241514462018,"GPI/CLDN5/MME/FEN1/NMU/LEPR/SRPX2/LDLR/NTRK2/MDK/CX3CR1/LCN2/FOS/CXCL12/AGER/NR4A3/KAT2B/SLC1A1/WFS1/EGR1/NEDD9/NRGN/PTN/GDF15/AGTR2/SLC6A4/BCHE/PTGDS/EDNRB/CAMK2N1/FOSB",31
"BP","GO:0003208","cardiac ventricle morphogenesis","10/652","58/18842",0.172413793103448,4.98254707002327,5.75095934644561,2.67346608735466e-05,0.000504379020413479,0.000167287271846069,"FOXF1/TGFBR2/TGFBR3/EDNRA/DSP/HEY1/ENG/FGFR2/TNNC1/SOX4",10
"BP","GO:0097305","response to alcohol","23/652","254/18842",0.0905511811023622,2.61681802811458,4.91157853382749,2.6909929943814e-05,0.000505570308819406,0.000167682386193304,"CLDN5/TGFBR2/PTCH1/RBP4/TGFBR3/CDK1/FOS/HPGD/PTGER4/CES1/CDH1/CDO1/SLIT2/FBP1/CLDN18/CAT/KLF9/STK39/FGFR2/GABBR1/FOSB/GHR/CLDN3",23
"BP","GO:0035909","aorta morphogenesis","7/652","27/18842",0.259259259259259,7.49227448307203,6.39125384039609,2.79028795989527e-05,0.000522050141542232,0.000173148248461764,"TGFBR2/MYLK/HEY1/ENG/SOX4/TBX2/COL3A1",7
"BP","GO:0051983","regulation of chromosome segregation","16/652","140/18842",0.114285714285714,3.30271691498685,5.17749830974808,2.80304968798745e-05,0.000522270704261793,0.000173221402447424,"BUB1B/DLGAP5/TTK/ZWINT/CDK1/NDC80/TRIP13/KAT2B/BIRC5/UBE2C/CENPF/DUSP1/BUB1/CCNB1/CDC20/MAD2L1",16
"BP","GO:0001819","positive regulation of cytokine production","36/652","499/18842",0.0721442885771543,2.08488141928028,4.65004102015301,2.84327954516187e-05,0.000527586315602258,0.000174984430018657,"CHI3L1/RGCC/GAPDH/IL6/SPTBN1/HSPD1/MDK/IRAK3/HLA-E/FGR/CD34/HYAL2/MIF/CD55/IGHD/CLU/AGER/F2RL1/NR4A3/PTGER4/SLC7A5/TYROBP/EGR1/CADM1/LPL/IL33/DUOX1/C5AR1/POU2AF1/CD36/KPNA2/PLA2G1B/INAVA/SULF1/IL1RL1/MMP12",36
"BP","GO:0098754","detoxification","18/652","172/18842",0.104651162790698,3.02429019831645,5.04921960532858,3.0128971851974e-05,0.000555674194643577,0.000184300330297206,"HBB/SLC39A8/SLC15A2/NQO1/SESN1/HBA1/ALDH2/ALDH1A1/ALOX5AP/MT1M/FBLN5/ABCG1/PRDX4/GPX3/CAT/CD36/CP/HBA2",18
"BP","GO:0000280","nuclear division","32/652","422/18842",0.0758293838862559,2.19137615212398,4.68618833039058,3.02119355746118e-05,0.000555674194643577,0.000184300330297206,"CENPA/RGCC/RCC1/H3-3B/EDN1/KIF2A/TPX2/BUB1B/DLGAP5/TTK/ZWINT/KIF11/NUSAP1/CDK1/UBE2S/NDC80/TRIP13/KAT2B/BIRC5/AURKA/PRC1/UBE2C/CENPF/CAV2/DUSP1/BUB1/TOP2A/CCNB1/NEK2/CDC20/KIF4A/MAD2L1",32
"BP","GO:0031667","response to nutrient levels","34/652","461/18842",0.0737527114967462,2.13136286813143,4.65615296239031,3.03162235267953e-05,0.000555674194643577,0.000184300330297206,"FOLR1/COL1A1/GAS6/SRD5A1/LDLR/SESN1/LCN2/ACACB/PDK4/PMAIP1/ZEB2/FOS/KL/SHMT2/SLC7A5/KAT2B/POSTN/SPP1/GCLC/ZFP36/FBP1/LPL/IGFBP2/CYP24A1/ATF3/CAT/FAM107A/STK39/CAV1/GDF15/KANK2/SLC6A4/BCHE/GHR",34
"BP","GO:0010565","regulation of ketone metabolic process","16/652","141/18842",0.113475177304965,3.27929339076709,5.14324006114649,3.06247333612365e-05,0.000559056367310993,0.000185422094715521,"NME1/EDN1/PGK1/FABP5/ACACB/PDK4/CEACAM1/BMP2/DKK3/CES1/KAT2B/EGR1/FGFR4/CAV1/GDF15/ACADL",16
"BP","GO:0043116","negative regulation of vascular permeability","6/652","19/18842",0.315789473684211,9.12592831772683,6.70910809872988,3.09520153328038e-05,0.000562752569095211,0.000186648013097629,"CLDN5/ANGPT1/CEACAM1/RAMP2/SLIT2/FERMT2",6
"BP","GO:0036302","atrioventricular canal development","5/652","12/18842",0.416666666666667,12.0411554192229,7.24334897333992,3.16092528415948e-05,0.000572394060492975,0.000189845804296671,"BMP2/TBX3/GATA6/ENG/TBX2",5
"BP","GO:0060348","bone development","15/652","127/18842",0.118110236220472,3.41324090623641,5.16615040877061,3.3616860531576e-05,0.000606313696547505,0.000201095922061129,"LEPR/SRD5A1/OGN/TFAP2A/ZBTB16/BMP2/FBLN5/PTGER4/TYROBP/FGFR2/GREM1/GHR/COL3A1/SULF1/COL13A1",15
"BP","GO:0045787","positive regulation of cell cycle","26/652","312/18842",0.0833333333333333,2.40823108384458,4.7486803501652,3.4870758293953e-05,0.000624783364550551,0.00020722175253203,"FEN1/RGCC/RCC1/EDN1/DLGAP5/RRM2/NUSAP1/CDK1/NDC80/TBX3/KAT2B/BIRC5/AURKA/UBE2C/EZH2/ADAMTS1/BUB1/MEIS2/CCNB1/TAL1/FGFR2/SLC6A4/CDC20/ECT2/TBX2/MAD2L1",26
"BP","GO:0043065","positive regulation of apoptotic process","35/652","484/18842",0.0723140495867769,2.08978730416265,4.59844678811522,3.49180323501306e-05,0.000624783364550551,0.00020722175253203,"RGCC/IL6/HSPD1/CDKN2A/LCN2/TFAP2A/FAP/HYAL2/MELK/PMAIP1/ADRB2/CLU/HPGD/BMP2/TNFSF10/RPS6KA2/MNDA/PHLDA2/NET1/SLIT2/HOXA5/UBD/DUSP1/PERP/ID3/ATF3/TOP2A/GADD45B/CAV1/PLA2G1B/AGTR2/DLC1/ECT2/SOX4/IGFBP3",35
"BP","GO:0009410","response to xenobiotic stimulus","29/652","368/18842",0.078804347826087,2.27734895972259,4.68503048835982,3.53426277202002e-05,0.000629881060831552,0.000208912504266409,"COL1A1/GAS6/EDN1/SRD5A1/NQO1/MDK/TGFBR2/LCN2/CYP2B6/PTCH1/RBP4/ALDH2/FOS/ABCA3/KCNK3/GATA6/CDH1/ABCC3/CENPF/FBP1/C1orf115/IGFBP2/CAT/CCNB1/SLC6A4/BCHE/FMO2/FOSB/SCGB1A1",29
"BP","GO:0070301","cellular response to hydrogen peroxide","10/652","60/18842",0.166666666666667,4.81646216768916,5.60563855869705,3.62997713180873e-05,0.000644392397138801,0.000213725475788679,"IL6/EDN1/LCN2/CDK1/KLF2/KLF4/NET1/CAT/AQP1/ECT2",10
"BP","GO:0045927","positive regulation of growth","20/652","208/18842",0.0961538461538462,2.77872817366682,4.88368483191551,3.81167758321555e-05,0.000673994283243878,0.000223543526436299,"H3-3B/EDN1/TRPV2/HYAL1/ACACB/TGFBR3/CDK1/CAPN3/CXCL12/WFS1/NEDD4L/CCNB1/MACF1/FGFR2/HBEGF/GHR/TBX2/SFN/AGR2/SEMA5A",20
"BP","GO:0035904","aorta development","8/652","38/18842",0.210526315789474,6.08395221181789,5.93919466083774,3.83918780384921e-05,0.000676206945607659,0.000224277399645478,"TGFBR2/MYLK/EDNRA/HEY1/ENG/SOX4/TBX2/COL3A1",8
"BP","GO:0150116","regulation of cell-substrate junction organization","11/652","73/18842",0.150684931506849,4.35460963106143,5.43678645897422,3.960008854837e-05,0.000694773537994554,0.000230435377004123,"GPM6B/SLK/LIMCH1/TEK/FAM107A/MACF1/DLC1/GREM1/PIK3R1/ARHGAP6/FERMT2",11
"BP","GO:0002042","cell migration involved in sprouting angiogenesis","13/652","100/18842",0.13,3.75684049079755,5.23314893800879,4.05004896174673e-05,0.000705978039776868,0.000234151571492191,"SRPX2/NR4A1/GATA2/AKT3/MMRN2/STARD13/TGFBR3/JCAD/CDH5/KLF4/SLIT2/EFNB2/GREM1",13
"BP","GO:0007015","actin filament organization","33/652","448/18842",0.0736607142857143,2.12870426161262,4.57762807296573,4.05518545802193e-05,0.000705978039776868,0.000234151571492191,"EMP2/RGCC/SYNPO/SPTBN1/CCN2/MARCKSL1/WASF3/ZEB2/CYRIA/CXCL12/F2RL1/GMFG/KANK3/S1PR1/PTGER4/LMOD1/CNN1/SLIT2/LIMCH1/NEDD9/ARRB1/NEBL/DIAPH2/FAM107A/SORBS1/KANK2/PLA2G1B/DLC1/PIK3R1/MYL9/ARHGAP6/FERMT2/SEMA5A",33
"BP","GO:0007204","positive regulation of cytosolic calcium ion concentration","17/652","160/18842",0.10625,3.07049463190184,4.97945531516059,4.09989289232704e-05,0.00070829184105374,0.000234918989421043,"NMU/EDN1/CD24/CX3CR1/GATA2/CD55/F2RL1/CD52/PTGER4/EDNRA/AGTR1/C5AR1/CD36/CXCL13/CAV1/PLA2G1B/EDNRB",17
"BP","GO:1902850","microtubule cytoskeleton organization involved in mitosis","17/652","160/18842",0.10625,3.07049463190184,4.97945531516059,4.09989289232704e-05,0.00070829184105374,0.000234918989421043,"CENPA/RCC1/KIF2A/TPX2/DLGAP5/TTK/KIF11/NUSAP1/CDK1/NDC80/TACC1/BIRC5/AURKA/PRC1/CCNB1/EML1/KIF4A",17
"BP","GO:0032956","regulation of actin cytoskeleton organization","27/652","334/18842",0.0808383233532934,2.33612835678337,4.66445698342569,4.21345391398292e-05,0.000725132202219427,0.000240504428073905,"RGCC/SYNPO/SPTBN1/EDN1/CCN2/WASF3/GPM6B/CYRIA/CXCL12/F2RL1/GMFG/KANK3/S1PR1/PTGER4/LMOD1/SLIT2/LIMCH1/NEDD9/FAM107A/KANK2/DLC1/ECT2/PIK3R1/ARHGAP6/FERMT2/SEMA5A/ARHGAP44",27
"BP","GO:0150115","cell-substrate junction organization","13/652","101/18842",0.128712871287129,3.7196440502946,5.18842802565337,4.50378809697251e-05,0.000772151350922016,0.00025609925813748,"GPM6B/SLK/DST/LIMCH1/TEK/FAM107A/MACF1/SORBS1/DLC1/GREM1/PIK3R1/ARHGAP6/FERMT2",13
"BP","GO:0060317","cardiac epithelial to mesenchymal transition","7/652","29/18842",0.241379310344828,6.97556589803258,6.09689105129531,4.6173997421577e-05,0.000788630887779888,0.000261565022276481,"EMP2/TGFBR2/TGFBR3/BMP2/TBX3/HEY1/ENG",7
"BP","GO:0006909","phagocytosis","21/652","228/18842",0.0921052631578947,2.66172909267033,4.77933216495472,4.64679096452174e-05,0.000790655866378436,0.000262236646455099,"LEPR/SRPX/GAS6/LDLR/COLEC12/GATA2/C4BPA/FGR/SFTPD/PECAM1/MARCO/AGER/F2RL1/CD302/TYROBP/FCN3/CD93/CD36/ANXA3/CFB/MSR1",21
"BP","GO:0010001","glial cell differentiation","17/652","162/18842",0.104938271604938,3.03258729076725,4.91900994014023,4.80392927681127e-05,0.000814320192073007,0.000270085387828752,"TNFRSF21/IL6/LDLR/NTRK2/MDK/ADGRG6/QKI/CLU/CDK1/MYRF/ZEB2/GPM6B/BMP2/AGER/PTN/C5AR1/SOX4",17
"BP","GO:0007346","regulation of mitotic cell cycle","35/652","492/18842",0.0711382113821138,2.05580702279415,4.49271103876837,4.87809899194366e-05,0.000823795818527115,0.000273228166640687,"RGCC/RCC1/FHL1/CKS1B/EDN1/CDKN2A/BUB1B/DLGAP5/TTK/ZWINT/RRM2/NUSAP1/CDK1/NDC80/TRIP13/BIRC5/KLF4/AURKA/CDKN1C/UBE2C/CENPF/CAV2/ADAMTS1/UBD/DUSP1/BUB1/MEIS2/GMNN/CCNB1/FAM107A/TAL1/KANK2/NEK2/CDC20/MAD2L1",35
"BP","GO:0071635","negative regulation of transforming growth factor beta production","5/652","13/18842",0.384615384615385,11.1149126946673,6.9068434133907,4.99031856171982e-05,0.000839602477417712,0.000278470757501508,"CD24/LAPTM4B/FBLN1/GATA6/TYROBP",5
"BP","GO:1903053","regulation of extracellular matrix organization","11/652","75/18842",0.146666666666667,4.23848670756646,5.32028315253545,5.12038121618318e-05,0.000855570854370315,0.000283766985354167,"RGCC/IL6/TNXB/TIMP3/FAP/PLAU/RECK/TGFBR3/BMP2/FGFR4/TIE1",11
"BP","GO:0043534","blood vessel endothelial cell migration","18/652","179/18842",0.100558659217877,2.90602186653871,4.85090857190053,5.12317876868452e-05,0.000855570854370315,0.000283766985354167,"EMP2/RGCC/SRPX2/ANGPT1/NR4A1/GATA2/AKT3/MMRN2/STARD13/TGFBR3/JCAD/CDH5/KLF4/SLIT2/EFNB2/AGTR2/GREM1/ID1",18
"BP","GO:0051896","regulation of phosphatidylinositol 3-kinase/protein kinase B signal transduction","23/652","265/18842",0.0867924528301887,2.5081953929853,4.68114592291446,5.22511450242949e-05,0.000868049230194129,0.000287905685347922,"PIP5K1B/CHI3L1/GAS6/PROS1/NTRK2/ANGPT1/CX3CR1/FGR/PECAM1/HYAL2/CEACAM1/DCN/RRAS/F2RL1/RAMP3/CEP55/KLF4/TEK/ENG/GDF15/HBEGF/FERMT2/SEMA5A",23
"BP","GO:0070372","regulation of ERK1 and ERK2 cascade","24/652","283/18842",0.0848056537102474,2.45077933620933,4.65561132749039,5.23640254186744e-05,0.000868049230194129,0.000287905685347922,"CHI3L1/GAS6/ANGPT1/CCN2/MARCO/MIF/CEACAM1/RRAS/BMP2/SEMA6A/AGER/F2RL1/FBLN1/RAMP3/KLF4/TEK/ARRB1/DUSP1/FGFR4/C5AR1/ATF3/CD36/FGFR2/FERMT2",24
"BP","GO:0002449","lymphocyte mediated immunity","27/652","339/18842",0.079646017699115,2.30167218632933,4.5786750531478,5.43973009159003e-05,0.000898452123918661,0.000297989406005521,"EMP2/IGHG1/IL6/HSPD1/IGKC/IGHV3-23/HLA-E/C4BPA/IGHV1-69-2/CD55/IGHD/CEACAM1/IGHV3-21/CLU/IGHV1-69/AGER/IGHV3-48/TYROBP/IGHA1/IGHG3/CADM1/C7/IGHA2/PIK3R1/IGHV4-31/IGLL5/C1QB",27
"BP","GO:0002460","adaptive immune response based on somatic recombination of immune receptors built from immunoglobulin superfamily domains","29/652","377/18842",0.0769230769230769,2.22298253893346,4.54125300964679,5.46716811927401e-05,0.00089968835948199,0.000298399427965949,"EMP2/IGHG1/IL6/HSPD1/IGKC/IGHV3-23/HLA-E/C4BPA/IGHV1-69-2/CD55/IGHD/CEACAM1/IGHV3-21/ZBTB16/CLU/IGHV1-69/AGER/PLA2G4A/IGHV3-48/IGHA1/IGHG3/C7/IL33/CXCL13/IGHA2/IGHV4-31/IGLL5/IL1RL1/C1QB",29
"BP","GO:0098869","cellular oxidant detoxification","12/652","89/18842",0.134831460674157,3.89646377610809,5.18545835930722,5.53404876566767e-05,0.00090729206571899,0.000300921347436873,"HBB/NQO1/SESN1/HBA1/ALOX5AP/FBLN5/PRDX4/GPX3/CAT/CD36/CP/HBA2",12
"BP","GO:0031214","biomineral tissue development","16/652","148/18842",0.108108108108108,3.12419167633892,4.91171166629036,5.55361743487339e-05,0.00090729206571899,0.000300921347436873,"CLEC3B/COL1A1/GAS6/ADGRG6/TFAP2A/GPM6B/BMP2/S1PR1/KL/SPP1/HEY1/LGR4/PTN/FGFR2/GREM1/ALOX5",16
"BP","GO:0045685","regulation of glial cell differentiation","9/652","51/18842",0.176470588235294,5.09978347167088,5.55047927198144,5.57496815951691e-05,0.000907492109431831,0.000300987695888369,"TNFRSF21/IL6/LDLR/MDK/QKI/CDK1/MYRF/BMP2/PTN",9
"BP","GO:0016055","Wnt signaling pathway","32/652","436/18842",0.073394495412844,2.12101086283559,4.48366111191998,5.66593415670325e-05,0.000917975276747843,0.000304464645542547,"SOSTDC1/FOLR1/COL1A1/SCEL/EDN1/TPBG/MDK/CD24/WWTR1/GPC3/RECK/ZEB2/BMP2/CDH3/DKK3/EDNRA/KLF4/EGR1/GRK5/IGFBP2/LGR4/WIF1/NR4A2/CAV1/MACF1/FGFR2/EDNRB/GREM1/FERMT2/SOX4/SULF1/SEMA5A",32
"BP","GO:0097242","amyloid-beta clearance","8/652","40/18842",0.2,5.77975460122699,5.72918695714981,5.68008654275112e-05,0.000917975276747843,0.000304464645542547,"MME/LDLR/MARCO/CLU/TYROBP/C5AR1/CD36/MSR1",8
"BP","GO:1903036","positive regulation of response to wounding","11/652","76/18842",0.144736842105263,4.1827171456248,5.2635458090914,5.80262652259152e-05,0.000934430106798755,0.000309922215180656,"MDK/MYLK/PLAU/THBD/DUOX1/PTN/CD36/HBEGF/CLDN4/FERMT2/CLDN3",11
"BP","GO:0072010","glomerular epithelium development","6/652","21/18842",0.285714285714286,8.25679228746714,6.2993017938319,5.83469993399294e-05,0.000936251316810469,0.000310526255479693,"EDN1/CD24/PECAM1/CD34/EDNRA/PODXL",6
"BP","GO:0007584","response to nutrient","16/652","149/18842",0.10738255033557,3.10322394696751,4.87976123078075,6.0264022042865e-05,0.000963583246068362,0.000319591430070211,"FOLR1/COL1A1/GAS6/KL/SHMT2/KAT2B/POSTN/SPP1/GCLC/LPL/IGFBP2/CYP24A1/CAT/KANK2/SLC6A4/BCHE",16
"BP","GO:0060070","canonical Wnt signaling pathway","25/652","304/18842",0.0822368421052632,2.37654383274136,4.58094229414435,6.08712764249662e-05,0.000968148670224979,0.000321105643233467,"FOLR1/COL1A1/SCEL/EDN1/TPBG/MDK/WWTR1/GPC3/RECK/ZEB2/BMP2/CDH3/DKK3/EDNRA/KLF4/EGR1/IGFBP2/LGR4/NR4A2/CAV1/FGFR2/EDNRB/GREM1/SOX4/SEMA5A",25
"BP","GO:0002444","myeloid leukocyte mediated immunity","13/652","104/18842",0.125,3.61234662576687,5.05760930300488,6.14084097769669e-05,0.000968148670224979,0.000321105643233467,"IGHG1/IL6/CX3CR1/HLA-E/GATA2/FGR/F2RL1/NR4A3/TYROBP/PLA2G1B/ANXA3/PTGDS/DNASE1L3",13
"BP","GO:0030278","regulation of ossification","13/652","104/18842",0.125,3.61234662576687,5.05760930300488,6.14084097769669e-05,0.000968148670224979,0.000321105643233467,"MDK/ADGRG6/TFAP2A/ZBTB16/GPM6B/BMP2/S1PR1/KL/PTN/GDF10/GREM1/SMAD6/ALOX5",13
"BP","GO:0045446","endothelial cell differentiation","13/652","104/18842",0.125,3.61234662576687,5.05760930300488,6.14084097769669e-05,0.000968148670224979,0.000321105643233467,"CLDN5/DSG2/PECAM1/TMEM100/CEACAM1/APOLD1/F2RL1/S1PR1/CDH5/DSP/HEY1/TIE1/CLDN3",13
"BP","GO:0035023","regulation of Rho protein signal transduction","12/652","90/18842",0.133333333333333,3.85316973415133,5.13670339313729,6.18786302463084e-05,0.000972162870315695,0.000322437032039587,"HEG1/RASIP1/STARD13/F2RL1/DOCK9/NET1/TEK/ARRB1/KANK2/DLC1/FERMT2/COL3A1",12
"BP","GO:0010717","regulation of epithelial to mesenchymal transition","14/652","119/18842",0.117647058823529,3.39985564778058,4.971990666269,6.37069528868535e-05,0.0009974119811348,0.000330811398725189,"EMP2/RGCC/COL1A1/IL6/DSG2/MDK/TGFBR2/WWTR1/QKI/BMP2/EZH2/ENG/GREM1/FERMT2",14
"BP","GO:1990845","adaptive thermogenesis","17/652","166/18842",0.102409638554217,2.95951289821864,4.80086684836391,6.53958133136548e-05,0.00102031045754765,0.000338406131046522,"LEPR/TRPV2/FABP5/LCN2/NPR3/QKI/ADRB2/ALDH1A1/LAMA4/EPAS1/LGR4/CD36/CAV1/FABP4/ZNF423/ACADL/ID1",17
"BP","GO:0007044","cell-substrate junction assembly","12/652","91/18842",0.131868131868132,3.81082720960022,5.08864379522974,6.90729315275939e-05,0.00107114877360127,0.00035526766345302,"GPM6B/SLK/DST/LIMCH1/TEK/FAM107A/MACF1/SORBS1/DLC1/GREM1/ARHGAP6/FERMT2",12
"BP","GO:0045786","negative regulation of cell cycle","29/652","382/18842",0.0759162303664921,2.19388590884271,4.46311505381052,6.91293619689445e-05,0.00107114877360127,0.00035526766345302,"RGCC/FHL1/NR4A1/CDKN2A/BUB1B/TTK/ZWINT/CDK1/HPGD/BMP2/NDC80/TRIP13/RPS6KA2/KAT2B/BIRC5/KLF4/DSP/CDKN1C/CENPF/DUSP1/BUB1/GMNN/CCNB1/FAM107A/KANK2/NEK2/CDC20/RFC4/MAD2L1",29
"BP","GO:0051893","regulation of focal adhesion assembly","10/652","65/18842",0.153846153846154,4.44596507786692,5.26882616653263,7.37910737331046e-05,0.00113557662615211,0.000376636434254183,"GPM6B/SLK/LIMCH1/TEK/FAM107A/MACF1/DLC1/GREM1/ARHGAP6/FERMT2",10
"BP","GO:0090109","regulation of cell-substrate junction assembly","10/652","65/18842",0.153846153846154,4.44596507786692,5.26882616653263,7.37910737331046e-05,0.00113557662615211,0.000376636434254183,"GPM6B/SLK/LIMCH1/TEK/FAM107A/MACF1/DLC1/GREM1/ARHGAP6/FERMT2",10
"BP","GO:0051216","cartilage development","15/652","136/18842",0.110294117647059,3.1873646697943,4.84685029037076,7.48017720770437e-05,0.00114721493297752,0.000380496508759529,"CHI3L1/EFEMP1/HYAL1/MDK/OGN/ADGRG6/TGFBR2/HYAL2/ZBTB16/BMP2/GREM1/TIMP1/GHR/COL3A1/SULF1",15
"BP","GO:0032354","response to follicle-stimulating hormone","5/652","14/18842",0.357142857142857,10.3209903593339,6.60516095393724,7.54197570669022e-05,0.00115277181225309,0.000382339557610424,"EDN1/SRD5A1/TGFBR3/EDNRA/GCLC",5
"BP","GO:0061900","glial cell activation","9/652","53/18842",0.169811320754717,4.90733881236254,5.3929525110592,7.63574883581509e-05,0.00115572818340461,0.000383320096539454,"IL6/LDLR/CX3CR1/CLU/ZEB2/AGER/TYROBP/IL33/C5AR1",9
"BP","GO:0090288","negative regulation of cellular response to growth factor stimulus","14/652","121/18842",0.115702479338843,3.34365968666024,4.89645915877858,7.65491663767295e-05,0.00115572818340461,0.000383320096539454,"SOSTDC1/CHRDL1/ANGPT1/MMRN2/DCN/SEMA6A/SLIT2/CXCL13/CAV1/CRIM1/AGTR2/GREM1/SMAD6/SULF1",14
"BP","GO:0048732","gland development","21/652","236/18842",0.0889830508474576,2.57150098783404,4.59942535121798,7.65901019653294e-05,0.00115572818340461,0.000383320096539454,"IL6/EDN1/SRD5A1/MDK/TCF21/PTCH1/TGFBR3/BMP2/TBX3/DKK3/SLC7A5/GATA6/CDH1/CDO1/EDNRA/AURKA/PERP/CAV1/FGFR2/SULF1/ELF3",21
"BP","GO:0030308","negative regulation of cell growth","16/652","152/18842",0.105263157894737,3.04197610590894,4.78549891726597,7.66384401947166e-05,0.00115572818340461,0.000383320096539454,"FHL1/CDKN2A/SESN1/HYAL1/HYAL2/ENO1/SEMA3G/CDH1/SLIT2/SPP1/NPR1/FBP1/CRYAB/AGTR2/WFDC1/SEMA5A",16
"BP","GO:0046849","bone remodeling","10/652","66/18842",0.151515151515152,4.37860197062651,5.20555313247058,8.43105738776864e-05,0.00126297799871923,0.000418891617724594,"LEPR/IL6/MDK/PDK4/S1PR1/SPP1/LGR4/PTN/GREM1/ACP5",10
"BP","GO:0072577","endothelial cell apoptotic process","10/652","66/18842",0.151515151515152,4.37860197062651,5.20555313247058,8.43105738776864e-05,0.00126297799871923,0.000418891617724594,"RGCC/GAS6/ANGPT1/GATA2/NDNF/RAMP2/CDH5/TEK/COL4A3/SEMA5A",10
"BP","GO:0010639","negative regulation of organelle organization","27/652","348/18842",0.0775862068965517,2.24214618151047,4.42798689704622,8.48010885544418e-05,0.00126611956388072,0.00041993357990764,"SPTBN1/TPX2/BUB1B/TTK/ZWINT/CLU/GMFG/NDC80/TRIP13/KANK3/S1PR1/CDH5/LMOD1/KAT2B/FEZ1/BIRC5/SLIT2/CENPF/DUSP1/BUB1/CCNB1/KANK2/DLC1/CDC20/PIK3R1/ARHGAP6/MAD2L1",27
"BP","GO:0034614","cellular response to reactive oxygen species","15/652","138/18842",0.108695652173913,3.14117097892771,4.77950662364562,8.84379739728601e-05,0.00131606212753672,0.00043649801832572,"IL6/EDN1/NQO1/LCN2/CDK1/FOS/FBLN5/KLF2/KLF4/NET1/GPR37/CAT/CD36/AQP1/ECT2",15
"BP","GO:0044703","multi-organism reproductive process","16/652","155/18842",0.103225806451613,2.98309914902038,4.69353334435488,9.67938950738772e-05,0.00143566997660563,0.000476168325678535,"EMP2/EDN1/SLC2A1/CLIC5/FOS/HPGD/FBLN1/SPP1/IGFBP2/PTN/MAFF/TIMP1/TPPP3/CLDN4/FOSB/SCGB1A1",16
"BP","GO:0030900","forebrain development","22/652","258/18842",0.0852713178294574,2.46423645788748,4.48343516511067,9.79766010244921e-05,0.0014484475213752,0.000480406250966624,"SRD5A1/NTRK2/MDK/SLC2A1/NDNF/FOS/SEMA3G/BMP2/CXCL12/TACC1/CDH1/TYROBP/FEZ1/SLIT2/PCDH9/NRGN/EZH2/FGFR2/AQP1/DLC1/COL3A1/SEMA5A",22
"BP","GO:0048285","organelle fission","33/652","470/18842",0.0702127659574468,2.02906278553714,4.27732260186387,0.000102206410420614,0.00149783100320994,0.000496785258847683,"CENPA/RGCC/RCC1/H3-3B/EDN1/KIF2A/TPX2/BUB1B/DLGAP5/TTK/ZWINT/KIF11/NUSAP1/CDK1/DCN/UBE2S/NDC80/TRIP13/KAT2B/BIRC5/AURKA/PRC1/UBE2C/CENPF/CAV2/DUSP1/BUB1/TOP2A/CCNB1/NEK2/CDC20/KIF4A/MAD2L1",33
"BP","GO:0003148","outflow tract septum morphogenesis","6/652","23/18842",0.260869565217391,7.53881034942652,5.94051109494786,0.000102313583718931,0.00149783100320994,0.000496785258847683,"TGFBR2/GATA6/ENG/FGFR2/TBX2/SMAD6",6
"BP","GO:0051988","regulation of attachment of spindle microtubules to kinetochore","6/652","23/18842",0.260869565217391,7.53881034942652,5.94051109494786,0.000102313583718931,0.00149783100320994,0.000496785258847683,"CDK1/KAT2B/BIRC5/CCNB1/NEK2/ECT2",6
"BP","GO:1901991","negative regulation of mitotic cell cycle phase transition","18/652","190/18842",0.0947368421052632,2.73777849531805,4.55793301989158,0.000111090299795456,0.00162105553973369,0.000537655112083561,"RGCC/FHL1/BUB1B/TTK/ZWINT/CDK1/NDC80/TRIP13/BIRC5/KLF4/CENPF/DUSP1/BUB1/CCNB1/FAM107A/KANK2/CDC20/MAD2L1",18
"BP","GO:0061005","cell differentiation involved in kidney development","8/652","44/18842",0.181818181818182,5.25432236475181,5.34884894787759,0.000115882785333111,0.00168553380344193,0.000559040602741519,"MMP9/EDN1/CD24/TCF21/CD34/EDNRA/PODXL/GREM1",8
"BP","GO:0044772","mitotic cell cycle phase transition","31/652","434/18842",0.0714285714285714,2.06419807186678,4.24642494872161,0.000120950824151123,0.00175359249549008,0.000581613613230365,"CCNB2/RGCC/RCC1/FHL1/CDKN3/CDKN2A/BUB1B/DLGAP5/TTK/ZWINT/RRM2/MELK/CDK1/UBE2S/NDC80/TRIP13/BIRC5/KLF4/AURKA/UBE2C/CENPF/ADAMTS1/UBD/DUSP1/BUB1/CCNB1/FAM107A/KANK2/NEK2/CDC20/MAD2L1",31
"BP","GO:0046620","regulation of organ growth","10/652","69/18842",0.144927536231884,4.18822797190362,5.02303837569649,0.000123808878797413,0.0017892763926203,0.000593448883053556,"WWC2/EDN1/ACACB/RBP4/TGFBR3/CDK1/CCNB1/FGFR2/SLC6A4/TBX2",10
"BP","GO:0022411","cellular component disassembly","32/652","455/18842",0.0703296703296703,2.03244117845345,4.22060783942589,0.000125754525875324,0.00181158836157136,0.000600849088582084,"NME1/HMGA1/MMP9/IL6/SPTBN1/KIF2A/TPX2/IRAK3/CX3CR1/TIMP3/FAP/PLAU/ADRB2/RECK/CDK1/F2RL1/TPSAB1/MMP1/LMOD1/MMP11/AURKA/NEDD9/MMP7/FGFR4/ENG/TOP2A/ATP2A2/PIK3R1/SEMA5A/DNASE1L3/MMP12/C1QB",32
"BP","GO:0051338","regulation of transferase activity","23/652","281/18842",0.0818505338078292,2.36537999694343,4.36581605652207,0.000127162314570134,0.00182603463820615,0.000605640481777993,"EMP2/GAS6/TPX2/CDKN3/ANGPT1/CDKN2A/FGR/CEACAM1/LDB2/EEF1A2/UBE2S/SASH1/GPRC5A/UBE2C/NEDD9/ZFP36/EZH2/CDC20/ECT2/ADARB1/RFC4/SFN/MAD2L1",23
"BP","GO:0032526","response to retinoic acid","12/652","97/18842",0.123711340206186,3.5751059389033,4.81390669471968,0.000129268051422482,0.00184452418944295,0.000611772906916386,"COL1A1/PTCH1/RBP4/GATA6/KLF4/IGFBP2/DUSP1/TIE1/FGFR2/SLC6A4/AQP1/TBX2",12
"BP","GO:0110020","regulation of actomyosin structure organization","12/652","97/18842",0.123711340206186,3.5751059389033,4.81390669471968,0.000129268051422482,0.00184452418944295,0.000611772906916386,"RGCC/SYNPO/EDN1/CCN2/S1PR1/PTGER4/LIMCH1/DLC1/ECT2/PIK3R1/ARHGAP6/FERMT2",12
"BP","GO:0044706","multi-multicellular organism process","16/652","159/18842",0.10062893081761,2.90805262954817,4.57430404567864,0.000130801319686389,0.00185466399517588,0.000615135973914534,"EMP2/EDN1/SLC2A1/CLIC5/FOS/HPGD/FBLN1/SPP1/IGFBP2/PTN/MAFF/TIMP1/TPPP3/CLDN4/FOSB/SCGB1A1",16
"BP","GO:0051017","actin filament bundle assembly","16/652","159/18842",0.10062893081761,2.90805262954817,4.57430404567864,0.000130801319686389,0.00185466399517588,0.000615135973914534,"RGCC/SYNPO/CCN2/ZEB2/S1PR1/PTGER4/LIMCH1/NEDD9/ARRB1/FAM107A/SORBS1/DLC1/PIK3R1/MYL9/ARHGAP6/FERMT2",16
"BP","GO:0048041","focal adhesion assembly","11/652","83/18842",0.132530120481928,3.82995786828295,4.89185524695032,0.000131429469897186,0.00185772877669721,0.000616152469285589,"GPM6B/SLK/LIMCH1/TEK/FAM107A/MACF1/SORBS1/DLC1/GREM1/ARHGAP6/FERMT2",11
"BP","GO:0031670","cellular response to nutrient","8/652","45/18842",0.177777777777778,5.13755964553511,5.26096820057615,0.000136713782333173,0.00192347756196618,0.000637959353532723,"FOLR1/COL1A1/GAS6/KAT2B/POSTN/LPL/CYP24A1/KANK2",8
"BP","GO:0060421","positive regulation of heart growth","7/652","34/18842",0.205882352941176,5.94974738361602,5.46903381135014,0.000136934197691538,0.00192347756196618,0.000637959353532723,"EDN1/ACACB/TGFBR3/CDK1/CCNB1/FGFR2/TBX2",7
"BP","GO:0003279","cardiac septum development","10/652","70/18842",0.142857142857143,4.12839614373357,4.96449310929217,0.000140035308014511,0.00196092920446407,0.000650380931048952,"TGFBR2/TGFBR3/GATA6/SLIT2/HEY1/ENG/FGFR2/SOX4/TBX2/SMAD6",10
"BP","GO:0032496","response to lipopolysaccharide","24/652","302/18842",0.0794701986754967,2.29659123227563,4.30042234920198,0.000143826232623888,0.00200777858483316,0.000665919454089026,"MMP9/SLPI/IL6/EDN1/NQO1/NR4A1/IRAK3/CX3CR1/LCN2/MIF/CD55/FOS/HPGD/SASH1/SLC7A5/ZFP36/CD36/CXCL13/EFNB2/FGFR2/PLSCR4/EDNRB/SMAD6/SCGB1A1",24
"BP","GO:0007059","chromosome segregation","30/652","420/18842",0.0714285714285714,2.06419807186678,4.1757851649185,0.000154924291598198,0.00215294333950256,0.000714066214350664,"CENPA/RCC1/H3-3B/KIF2A/TPX2/BUB1B/DLGAP5/TTK/ZWINT/KIF11/NUSAP1/CDK1/NDC80/TRIP13/KAT2B/BIRC5/PRC1/UBE2C/CENPF/DUSP1/BUB1/TOP2A/CCNB1/SRPK1/NEK2/CDC20/ECT2/KIF4A/MAD2L1/CENPU",30
"BP","GO:0032905","transforming growth factor beta1 production","5/652","16/18842",0.3125,9.03086656441718,6.08419041100313,0.00015533831760782,0.00215294333950256,0.000714066214350664,"CHI3L1/LAPTM4B/GATA6/TYROBP/COL3A1",5
"BP","GO:1902903","regulation of supramolecular fiber organization","27/652","361/18842",0.074792243767313,2.16140407525109,4.21826283039951,0.000155657469212206,0.00215294333950256,0.000714066214350664,"RGCC/SYNPO/SPTBN1/EDN1/TPX2/LDLR/CCN2/WASF3/CLU/CYRIA/CXCL12/F2RL1/GMFG/KANK3/S1PR1/CDH5/PTGER4/LMOD1/SLIT2/LIMCH1/CRYAB/KANK2/DLC1/PIK3R1/ARHGAP6/FERMT2/SEMA5A",27
"BP","GO:0001774","microglial cell activation","8/652","46/18842",0.173913043478261,5.02587356628434,5.17566016123056,0.000160536913382074,0.00220689311719443,0.000731959724511684,"IL6/LDLR/CX3CR1/CLU/AGER/TYROBP/IL33/C5AR1",8
"BP","GO:0002269","leukocyte activation involved in inflammatory response","8/652","46/18842",0.173913043478261,5.02587356628434,5.17566016123056,0.000160536913382074,0.00220689311719443,0.000731959724511684,"IL6/LDLR/CX3CR1/CLU/AGER/TYROBP/IL33/C5AR1",8
"BP","GO:0006939","smooth muscle contraction","11/652","85/18842",0.129411764705882,3.73984121255864,4.79305696746106,0.000163208111789782,0.00223001629109129,0.000739628982195039,"NMU/EDN1/MYLK/MYH11/ADRB2/EDNRA/CNN1/DOCK4/CAV1/EDNRB/SULF1",11
"BP","GO:0033273","response to vitamin","11/652","85/18842",0.129411764705882,3.73984121255864,4.79305696746106,0.000163208111789782,0.00223001629109129,0.000739628982195039,"FOLR1/COL1A1/GAS6/KL/SHMT2/POSTN/SPP1/CYP24A1/CAT/KANK2/BCHE",11
"BP","GO:0072210","metanephric nephron development","7/652","35/18842",0.2,5.77975460122699,5.35845123775959,0.000166105347378121,0.00226274625778837,0.000750484522601691,"TCF21/CD34/EGR1/LGR4/AGTR2/AQP1/GREM1",7
"BP","GO:0061572","actin filament bundle organization","16/652","163/18842",0.098159509202454,2.83668937483533,4.45873979033688,0.000174803364125837,0.00237406135193794,0.000787404373868116,"RGCC/SYNPO/CCN2/ZEB2/S1PR1/PTGER4/LIMCH1/NEDD9/ARRB1/FAM107A/SORBS1/DLC1/PIK3R1/MYL9/ARHGAP6/FERMT2",16
"BP","GO:0061756","leukocyte adhesion to vascular endothelial cell","9/652","59/18842",0.152542372881356,4.4082874077155,4.96408443295279,0.000180030035242363,0.00243491076879593,0.000807586285739176,"SLC39A8/IL6/MDK/CX3CR1/CXCL12/KLF4/JAM2/EFNB2/ALOX5",9
"BP","GO:0050680","negative regulation of epithelial cell proliferation","14/652","131/18842",0.106870229007634,3.08841848920526,4.54113173875619,0.00018036376065155,0.00243491076879593,0.000807586285739176,"RGCC/MMRN2/CEACAM1/TGFBR3/GATA6/CDKN1C/CAV2/ENG/KLF9/COL4A3/CAV1/FGFR2/SULF1/ALOX5",14
"BP","GO:0007517","muscle organ development","21/652","251/18842",0.0836653386454183,2.41782562999536,4.28122183008248,0.000182395702500979,0.00244768518624081,0.000811823173788219,"FHL1/MYLK/TCF21/TGFBR3/CAPN3/BMP2/S1PR1/EDNRA/DSP/DES/CENPF/CAV2/ENG/ID3/CAV1/FGFR2/HBEGF/TNNC1/COL3A1/DMD/RCAN1",21
"BP","GO:0110053","regulation of actin filament organization","21/652","251/18842",0.0836653386454183,2.41782562999536,4.28122183008248,0.000182395702500979,0.00244768518624081,0.000811823173788219,"RGCC/SYNPO/SPTBN1/CCN2/WASF3/CYRIA/CXCL12/F2RL1/GMFG/KANK3/S1PR1/PTGER4/LMOD1/SLIT2/LIMCH1/KANK2/DLC1/PIK3R1/ARHGAP6/FERMT2/SEMA5A",21
"BP","GO:0044403","biological process involved in symbiotic interaction","17/652","181/18842",0.0939226519337017,2.71424939836627,4.38738008750089,0.000189534139582358,0.00253593304266129,0.000841092319706982,"GAS6/LDLR/HSPD1/MYH10/HYAL2/CD55/CDK1/MRC1/F2RL1/FBLN1/MUC5B/CAV2/AGTR1/TMPRSS4/CAV1/EFNB2/KPNA2",17
"BP","GO:0090068","positive regulation of cell cycle process","21/652","252/18842",0.0833333333333333,2.40823108384458,4.26082723292499,0.000192680468898552,0.00257040305995139,0.000852524982287241,"FEN1/RGCC/RCC1/EDN1/DLGAP5/RRM2/NUSAP1/CDK1/NDC80/KAT2B/BIRC5/AURKA/UBE2C/EZH2/ADAMTS1/BUB1/CCNB1/CDC20/ECT2/TBX2/MAD2L1",21
"BP","GO:0031623","receptor internalization","14/652","132/18842",0.106060606060606,3.06502137943856,4.50748247941958,0.000195482756694138,0.00260009365762203,0.000862372455879082,"SNX1/ENTREP1/ANGPT1/CEACAM1/RAMP3/RAMP2/NEDD4L/ARRB1/CD36/CAV1/EFNB2/GREM1/GHR/CALCRL",14
"BP","GO:0046622","positive regulation of organ growth","7/652","36/18842",0.194444444444444,5.61920586230402,5.25206116650162,0.000200104472284422,0.00265373842803076,0.000880164804345772,"EDN1/ACACB/TGFBR3/CDK1/CCNB1/FGFR2/TBX2",7
"BP","GO:0007613","memory","11/652","87/18842",0.126436781609195,3.6538678513504,4.6972081816853,0.000201281914756241,0.00266152537723135,0.000882747499967615,"FEN1/LDLR/MDK/LCN2/FOS/KAT2B/SLC1A1/EGR1/PTN/SLC6A4/CAMK2N1",11
"BP","GO:0062012","regulation of small molecule metabolic process","25/652","328/18842",0.0762195121951219,2.20265038156517,4.15992603404782,0.000202040566083717,0.00266374535810375,0.000883483800504836,"NME1/EDN1/LDLR/PGK1/FABP5/ACACB/PDK4/QKI/PMAIP1/CEACAM1/ENO1/BMP2/PID1/DKK3/ABCG1/CES1/KAT2B/EGR1/FBP1/AGTR1/FGFR4/CAV1/SORBS1/GDF15/ACADL",25
"BP","GO:0048511","rhythmic process","22/652","272/18842",0.0808823529411765,2.33740075784915,4.20629267979907,0.000209552727906513,0.002754732507669,0.000913661487140857,"NMU/NTRK2/MDK/HLF/ID4/GFPT1/CDK1/PER1/KAT2B/SLIT2/EGR1/EZH2/LGR4/PTN/ID3/TOP2A/KLF9/GDF10/SLC6A4/PTGDS/CLDN4/ID1",22
"BP","GO:0042730","fibrinolysis","6/652","26/18842",0.230769230769231,6.66894761680038,5.47627046134585,0.000213582352641879,0.00279954310483207,0.000928523807431375,"PROS1/SERPING1/FAP/PLAU/THBD/CPB2",6
"BP","GO:0030195","negative regulation of blood coagulation","8/652","48/18842",0.166666666666667,4.81646216768916,5.01223462309248,0.000218465903144642,0.00283879757140978,0.000941543327188906,"PROS1/EDN1/SERPING1/FAP/PLAU/CEACAM1/THBD/CPB2",8
"BP","GO:0055008","cardiac muscle tissue morphogenesis","8/652","48/18842",0.166666666666667,4.81646216768916,5.01223462309248,0.000218465903144642,0.00283879757140978,0.000941543327188906,"TGFBR3/BMP2/S1PR1/EDNRA/DSP/ENG/FGFR2/TNNC1",8
"BP","GO:1900047","negative regulation of hemostasis","8/652","48/18842",0.166666666666667,4.81646216768916,5.01223462309248,0.000218465903144642,0.00283879757140978,0.000941543327188906,"PROS1/EDN1/SERPING1/FAP/PLAU/CEACAM1/THBD/CPB2",8
"BP","GO:0034329","cell junction assembly","33/652","490/18842",0.0673469387755102,1.94624389633154,4.01808254139148,0.000221439333827242,0.00286916654088228,0.000951615796197762,"CLDN5/SRPX2/DSG2/PECAM1/GPM6A/CRTAC1/GPM6B/CDH3/SLK/SPOCK2/RAMP2/ADGRL2/CDH5/PCDH17/CDH1/DST/FLRT3/LIMCH1/TEK/THBS2/DOCK4/CLDN18/FAM107A/CAV1/MACF1/SORBS1/EFNB2/DLC1/GREM1/ECT2/ARHGAP6/FERMT2/CLDN3",33
"BP","GO:0071214","cellular response to abiotic stimulus","24/652","311/18842",0.0771704180064309,2.2301303927564,4.14134430254822,0.000223789442581474,0.00288304741885677,0.000956219663752119,"MME/MMP9/COL1A1/MFAP4/HYAL1/LCN2/MYLK/SLC2A1/PECAM1/HYAL2/CAPN3/KCNK3/PTGER4/MMP1/NET1/GCLC/EGR1/TEK/FBP1/CRYAB/STK39/AQP1/TIMP1/ECT2",24
"BP","GO:0104004","cellular response to environmental stimulus","24/652","311/18842",0.0771704180064309,2.2301303927564,4.14134430254822,0.000223789442581474,0.00288304741885677,0.000956219663752119,"MME/MMP9/COL1A1/MFAP4/HYAL1/LCN2/MYLK/SLC2A1/PECAM1/HYAL2/CAPN3/KCNK3/PTGER4/MMP1/NET1/GCLC/EGR1/TEK/FBP1/CRYAB/STK39/AQP1/TIMP1/ECT2",24
"BP","GO:0007052","mitotic spindle organization","14/652","134/18842",0.104477611940299,3.01927479168574,4.44113081168828,0.000229022946552458,0.00293370586933248,0.000973021540184419,"RCC1/KIF2A/TPX2/DLGAP5/TTK/KIF11/NDC80/TACC1/BIRC5/AURKA/PRC1/CCNB1/EML1/KIF4A",14
"BP","GO:0055002","striated muscle cell development","14/652","134/18842",0.104477611940299,3.01927479168574,4.44113081168828,0.000229022946552458,0.00293370586933248,0.000973021540184419,"EDN1/MYH11/KRT19/MEIS1/CDK1/CAPN3/TBX3/LMOD1/CAV2/NEBL/KRT8/CCNB1/FHL2/MYL9",14
"BP","GO:0045930","negative regulation of mitotic cell cycle","20/652","237/18842",0.0843881856540084,2.43871502161477,4.21981621913973,0.000229951023276851,0.00293724975624736,0.000974196940329404,"RGCC/FHL1/BUB1B/TTK/ZWINT/CDK1/NDC80/TRIP13/BIRC5/KLF4/CDKN1C/CENPF/DUSP1/BUB1/GMNN/CCNB1/FAM107A/KANK2/CDC20/MAD2L1",20
"BP","GO:2000351","regulation of endothelial cell apoptotic process","9/652","61/18842",0.147540983606557,4.26375339434778,4.83372925019799,0.000233658612291321,0.00297617707011742,0.000987107953424833,"RGCC/GAS6/ANGPT1/GATA2/NDNF/RAMP2/CDH5/TEK/SEMA5A",9
"BP","GO:0001818","negative regulation of cytokine production","27/652","371/18842",0.0727762803234501,2.10314520529823,4.06287869178047,0.00024206525173059,0.00307456963395277,0.00101974179208145,"RGCC/TNFRSF21/GAS6/IL6/IRAK3/CD24/CX3CR1/SFTPD/CD34/QKI/CEACAM1/LAPTM4B/AGER/F2RL1/FBLN1/VSIG4/KLF2/PTGER4/GATA6/TYROBP/KLF4/ZFP36/ARRB1/EZH2/IL33/LGR4/IL1RL1",27
"BP","GO:0003231","cardiac ventricle development","11/652","89/18842",0.123595505617978,3.57175846143241,4.60414748561873,0.000246619408067536,0.00312361491847337,0.00103600863013835,"FOXF1/TGFBR2/TGFBR3/EDNRA/DSP/SLIT2/HEY1/ENG/FGFR2/TNNC1/SOX4",11
"BP","GO:0002686","negative regulation of leukocyte migration","8/652","49/18842",0.163265306122449,4.71816702140979,4.93387679924545,0.000253280549803906,0.00319006144990451,0.00105804693569205,"MIF/CXCL12/PTGER4/SLIT2/IL33/DUSP1/GDF15/GREM1",8
"BP","GO:0003044","regulation of systemic arterial blood pressure mediated by a chemical signal","8/652","49/18842",0.163265306122449,4.71816702140979,4.93387679924545,0.000253280549803906,0.00319006144990451,0.00105804693569205,"MME/EDN1/ADRB2/CPA3/F2RL1/AGTR1/AGTR2/EDNRB",8
"BP","GO:0061448","connective tissue development","18/652","203/18842",0.0886699507389163,2.56245277886911,4.23743489530706,0.000254839864992977,0.00320076030989786,0.00106159542408613,"CHI3L1/EFEMP1/HYAL1/MDK/OGN/ADGRG6/TGFBR2/CD34/HYAL2/ZBTB16/BMP2/EGR1/LPL/GREM1/TIMP1/GHR/COL3A1/SULF1",18
"BP","GO:0007162","negative regulation of cell adhesion","23/652","295/18842",0.0779661016949153,2.25312467505459,4.10703001530515,0.000259144679563302,0.00324578711153035,0.0010765294528625,"RGCC/TNFRSF21/ANGPT1/CDKN2A/MDK/HLA-E/SFTPD/CEACAM1/BMP2/SEMA6A/CXCL12/FBLN1/VSIG4/CDH1/PODXL/KLF4/EPCAM/DUSP1/FAM107A/DLC1/ARHGAP6/SEMA5A/MMP12",23
"BP","GO:0071456","cellular response to hypoxia","15/652","152/18842",0.0986842105263158,2.85185259928963,4.33993256982406,0.000260459313327635,0.00325321618779586,0.00107899345285158,"RGCC/AK4/EDN1/PGK1/LCN2/NDNF/PMAIP1/ENO1/FOS/KCNK3/GATA6/EPAS1/CCNB1/FGFR2/AQP1",15
"BP","GO:0043627","response to estrogen","9/652","62/18842",0.145161290322581,4.19498317830991,4.77063345941323,0.000265075605490244,0.00329263334753584,0.00109206693301223,"MME/SRD5A1/CD24/KRT19/IGFBP2/CLDN18/CAV1/SMAD6/RCAN1",9
"BP","GO:0046456","icosanoid biosynthetic process","9/652","62/18842",0.145161290322581,4.19498317830991,4.77063345941323,0.000265075605490244,0.00329263334753584,0.00109206693301223,"EDN1/FABP5/GGTLC1/MIF/ALOX5AP/PLA2G4A/PLA2G1B/PTGDS/ALOX5",9
"BP","GO:0010875","positive regulation of cholesterol efflux","6/652","27/18842",0.222222222222222,6.42194955691888,5.33758331050946,0.000266633630654142,0.00329383846745076,0.00109246663485282,"PTCH1/ABCA3/ABCG1/CES1/CAV1/ABCA8",6
"BP","GO:0071295","cellular response to vitamin","6/652","27/18842",0.222222222222222,6.42194955691888,5.33758331050946,0.000266633630654142,0.00329383846745076,0.00109246663485282,"FOLR1/COL1A1/GAS6/POSTN/CYP24A1/KANK2",6
"BP","GO:2001251","negative regulation of chromosome organization","12/652","105/18842",0.114285714285714,3.30271691498685,4.47965528117047,0.000275410468044349,0.00339296666779226,0.00112534446189754,"BUB1B/TTK/ZWINT/NDC80/TRIP13/BIRC5/CENPF/DUSP1/BUB1/CCNB1/CDC20/MAD2L1",12
"BP","GO:0045216","cell-cell junction organization","17/652","187/18842",0.0909090909090909,2.62716118237591,4.23363267955118,0.000279570942362173,0.00343483754526169,0.00113923176604417,"CLDN5/DSG2/PECAM1/CDH3/F2RL1/RAMP2/CDH5/CDH1/DSP/CLDN18/CAV1/EFNB2/LIMS2/INAVA/ECT2/FERMT2/CLDN3",17
"BP","GO:0060021","roof of mouth development","7/652","38/18842",0.184210526315789,5.32345818534065,5.0507673362942,0.000284916558732854,0.00349100207425663,0.00115785984225238,"CLDN5/TGFBR2/TFAP2A/TCF21/TGFBR3/LRRC32/FOXF2",7
"BP","GO:0048286","lung alveolus development","5/652","18/18842",0.277777777777778,8.0274369461486,5.64724560587426,0.000287669478061798,0.00351518069534051,0.00116587915985763,"WFDC2/TCF21/SFTPD/CLDN18/FGFR2",5
"BP","GO:1905330","regulation of morphogenesis of an epithelium","8/652","50/18842",0.16,4.6238036809816,4.85760934316848,0.000292505768019312,0.0035646175891867,0.00118227588288805,"MDK/LCN2/MMRN2/LGR4/AGTR2/GREM1/TBX2/SULF1",8
"BP","GO:0051897","positive regulation of phosphatidylinositol 3-kinase/protein kinase B signal transduction","17/652","188/18842",0.0904255319148936,2.61318692076752,4.20859421379893,0.000297720766274272,0.00361839066072963,0.00120011078496194,"CHI3L1/GAS6/PROS1/NTRK2/ANGPT1/CX3CR1/FGR/PECAM1/DCN/F2RL1/RAMP3/TEK/ENG/GDF15/HBEGF/FERMT2/SEMA5A",17
"BP","GO:1902904","negative regulation of supramolecular fiber organization","15/652","154/18842",0.0974025974025974,2.81481555254561,4.28125270498718,0.000300278178910302,0.00361916834943494,0.00120036872079312,"SPTBN1/TPX2/LDLR/CLU/GMFG/KANK3/S1PR1/CDH5/LMOD1/SLIT2/CRYAB/KANK2/DLC1/PIK3R1/ARHGAP6",15
"BP","GO:0048736","appendage development","11/652","91/18842",0.120879120879121,3.49325827546686,4.51372578507385,0.000300292415458718,0.00361916834943494,0.00120036872079312,"TFAP2A/PTCH1/ZBTB16/TBX3/KAT2B/COMP/FGFR2/GREM1/FERMT2/TBX2/COL3A1",11
"BP","GO:0060173","limb development","11/652","91/18842",0.120879120879121,3.49325827546686,4.51372578507385,0.000300292415458718,0.00361916834943494,0.00120036872079312,"TFAP2A/PTCH1/ZBTB16/TBX3/KAT2B/COMP/FGFR2/GREM1/FERMT2/TBX2/COL3A1",11
"BP","GO:0010811","positive regulation of cell-substrate adhesion","12/652","106/18842",0.113207547169811,3.27155920824169,4.44015343625877,0.000300995371709493,0.00361916834943494,0.00120036872079312,"PLPP3/EMP2/MDK/NDNF/RRAS/FBLN1/ECM2/TEK/NEDD9/CD36/FERMT2/AGR2",12
"BP","GO:0070661","leukocyte proliferation","21/652","261/18842",0.0804597701149425,2.32518863267753,4.08152853416099,0.000310766987936874,0.00371924910203547,0.00123356248062301,"EMP2/TNFRSF21/IL6/HSPD1/CDKN2A/CD24/TGFBR2/HLA-E/NPR3/SFTPD/MIF/CD55/CLU/AGER/F2RL1/VSIG4/MNDA/TYROBP/IL33/IGFBP2/GREM1",21
"BP","GO:0071675","regulation of mononuclear cell migration","14/652","138/18842",0.101449275362319,2.93175958033253,4.3120599897697,0.000311168479003421,0.00371924910203547,0.00123356248062301,"GAS6/MDK/CX3CR1/MIF/CXCL12/AGER/SLIT2/NEDD9/DUSP1/C5AR1/JAM2/CXCL13/STK39/GREM1",14
"BP","GO:0060419","heart growth","10/652","77/18842",0.12987012987013,3.75308740339415,4.58300678988368,0.000311793337895189,0.00371924910203547,0.00123356248062301,"EDN1/ACACB/MEIS1/RBP4/TGFBR3/CDK1/S1PR1/CCNB1/FGFR2/TBX2",10
"BP","GO:0070374","positive regulation of ERK1 and ERK2 cascade","17/652","189/18842",0.0899470899470899,2.59936053494336,4.18371753635176,0.000316883635292188,0.00376999554494057,0.0012503935414838,"CHI3L1/GAS6/ANGPT1/CCN2/MARCO/MIF/BMP2/AGER/F2RL1/RAMP3/TEK/ARRB1/FGFR4/C5AR1/CD36/FGFR2/FERMT2",17
"BP","GO:0034764","positive regulation of transmembrane transport","16/652","172/18842",0.0930232558139535,2.68825795405907,4.21104897290738,0.000323235139066084,0.00383544011065519,0.00127209952530243,"FHL1/EDN1/CA2/LCN2/KCNN4/CAPN3/FXYD1/NR4A3/SLC7A5/EDNRA/STK39/CAV1/SORBS1/PLA2G1B/FXYD6/PIK3R1",16
"BP","GO:0003081","regulation of systemic arterial blood pressure by renin-angiotensin","6/652","28/18842",0.214285714285714,6.19259421560035,5.20573737045178,0.000329506565922257,0.00389959345339489,0.00129337724949868,"MME/CPA3/F2RL1/AGTR1/AGTR2/EDNRB",6
"BP","GO:0048661","positive regulation of smooth muscle cell proliferation","11/652","92/18842",0.119565217391304,3.45528807682049,4.46946103680506,0.000330619182158844,0.00390251804281211,0.00129434724738732,"MMP9/RGCC/IL6/EDN1/HPGD/S1PR1/NR4A3/ADAMTS1/FGFR2/HBEGF/PIK3R1",11
"BP","GO:0003015","heart process","20/652","244/18842",0.0819672131147541,2.36875188574877,4.07423377880328,0.000336899647173365,0.00394676941413701,0.00130902408937476,"NMU/EDN1/DSG2/WWTR1/ADRB2/RAMP3/FXYD1/GATA6/EDNRA/SLC1A1/NEDD4L/DSP/DES/CAV1/AGTR2/EDNRB/ATP2A2/TNNC1/TBX2/DMD",20
"BP","GO:0035850","epithelial cell differentiation involved in kidney development","7/652","39/18842",0.179487179487179,5.18695925751141,4.95537914201708,0.000336994061752661,0.00394676941413701,0.00130902408937476,"MMP9/EDN1/CD24/CD34/EDNRA/PODXL/GREM1",7
"BP","GO:0071604","transforming growth factor beta production","7/652","39/18842",0.179487179487179,5.18695925751141,4.95537914201708,0.000336994061752661,0.00394676941413701,0.00130902408937476,"CHI3L1/CD24/LAPTM4B/FBLN1/GATA6/TYROBP/COL3A1",7
"BP","GO:0050000","chromosome localization","13/652","123/18842",0.105691056910569,3.05434186243703,4.32756273894533,0.000338785819352679,0.0039574747654436,0.00131257473074118,"CENPA/H3-3B/DLGAP5/TTK/ZWINT/CDK1/NDC80/KAT2B/BIRC5/CENPF/CCNB1/NEK2/ECT2",13
"BP","GO:0071453","cellular response to oxygen levels","16/652","173/18842",0.092485549132948,2.67271889074081,4.18451287497109,0.000345034024414477,0.00402004758678263,0.00133332824377377,"RGCC/AK4/EDN1/PGK1/LCN2/NDNF/PMAIP1/ENO1/FOS/KCNK3/GATA6/EPAS1/CCNB1/CAV1/FGFR2/AQP1",16
"BP","GO:0030111","regulation of Wnt signaling pathway","24/652","321/18842",0.0747663551401869,2.16065592569233,3.9708475742783,0.000356643442988387,0.00414460124854288,0.00137463892766627,"SOSTDC1/FOLR1/COL1A1/SCEL/TPBG/MDK/WWTR1/GPC3/RECK/ZEB2/BMP2/CDH3/DKK3/EGR1/IGFBP2/LGR4/WIF1/CAV1/MACF1/FGFR2/GREM1/SOX4/SULF1/SEMA5A",24
"BP","GO:0045444","fat cell differentiation","17/652","191/18842",0.0890052356020942,2.57214210002248,4.13444142512918,0.000358436332304618,0.00415472859218901,0.001377997861367,"IL6/NR4A1/WWTR1/GATA2/ZBTB16/BMP2/NR4A3/KLF4/ADIRF/ZFP36/LPL/GRK5/NR4A2/GDF10/FERMT2/SMAD6/ALOX5",17
"BP","GO:0007565","female pregnancy","14/652","140/18842",0.1,2.8898773006135,4.24925724298747,0.000360937541489041,0.00417299326813868,0.00138405570217146,"EMP2/SLC2A1/CLIC5/FOS/HPGD/FBLN1/SPP1/IGFBP2/PTN/TIMP1/TPPP3/CLDN4/FOSB/SCGB1A1",14
"BP","GO:0021782","glial cell development","11/652","93/18842",0.118279569892473,3.41813444158586,4.4258051073484,0.000363481128482016,0.00418096022531993,0.00138669810099819,"IL6/LDLR/MDK/ADGRG6/CLU/MYRF/ZEB2/GPM6B/AGER/C5AR1/SOX4",11
"BP","GO:0070167","regulation of biomineral tissue development","11/652","93/18842",0.118279569892473,3.41813444158586,4.4258051073484,0.000363481128482016,0.00418096022531993,0.00138669810099819,"GAS6/ADGRG6/TFAP2A/GPM6B/BMP2/S1PR1/KL/HEY1/PTN/GREM1/ALOX5",11
"BP","GO:0043270","positive regulation of monoatomic ion transport","16/652","174/18842",0.0919540229885057,2.65735843734574,4.15816381420821,0.00036808929535756,0.00421247368722649,0.00139715016354522,"FHL1/EDN1/TRPV2/LCN2/MYLK/KCNN4/CAPN3/CXCL12/FXYD1/EDNRA/WFS1/STK39/CAV1/PLA2G1B/SLC6A4/FXYD6",16
"BP","GO:0050679","positive regulation of epithelial cell proliferation","16/652","174/18842",0.0919540229885057,2.65735843734574,4.15816381420821,0.00036808929535756,0.00421247368722649,0.00139715016354522,"NME1/NR4A1/MDK/GATA2/AKT3/JCAD/CXCL12/CDH3/NR4A3/TEK/AGTR1/PTN/C5AR1/FGFR2/SEMA5A/MMP12",16
"BP","GO:0033044","regulation of chromosome organization","20/652","246/18842",0.0813008130081301,2.34949374033618,4.03355592071659,0.000374506290225708,0.00427506041171574,0.0014179082878324,"FEN1/BUB1B/DLGAP5/TTK/ZWINT/CDK1/NDC80/TRIP13/KAT2B/BIRC5/KLF4/UBE2C/CENPF/DUSP1/BUB1/CCNB1/TAL1/NEK2/CDC20/MAD2L1",20
"BP","GO:0010885","regulation of cholesterol storage","5/652","19/18842",0.263157894736842,7.60494026477236,5.45331640759632,0.000379354286179296,0.00429775999091067,0.00142543705195994,"ABCG1/CES1/LPL/CD36/MSR1",5
"BP","GO:0051438","regulation of ubiquitin-protein transferase activity","5/652","19/18842",0.263157894736842,7.60494026477236,5.45331640759632,0.000379354286179296,0.00429775999091067,0.00142543705195994,"CDKN2A/UBE2S/UBE2C/CDC20/MAD2L1",5
"BP","GO:0098801","regulation of renal system process","5/652","19/18842",0.263157894736842,7.60494026477236,5.45331640759632,0.000379354286179296,0.00429775999091067,0.00142543705195994,"EMP2/GAS6/F2RL1/NPR1/AGTR1",5
"BP","GO:0007159","leukocyte cell-cell adhesion","28/652","402/18842",0.0696517412935323,2.01284986112383,3.88630663618371,0.000381751409704114,0.0043140779607916,0.00143084922921745,"SLC39A8/TNFRSF21/IL6/HSPD1/CDKN2A/MDK/CD24/CX3CR1/TGFBR2/HLA-E/SFTPD/PECAM1/CD55/ICAM2/ZBTB16/CXCL12/AGER/VSIG4/IL7R/NR4A3/KLF4/IGFBP2/JAM2/CAV1/EFNB2/SOX4/OLR1/ALOX5",28
"BP","GO:0050819","negative regulation of coagulation","8/652","52/18842",0.153846153846154,4.44596507786692,4.7109508888469,0.000385858885087099,0.00434041454029852,0.00143958427638864,"PROS1/EDN1/SERPING1/FAP/PLAU/CEACAM1/THBD/CPB2",8
"BP","GO:0071492","cellular response to UV-A","4/652","11/18842",0.363636363636364,10.5086447295036,5.97224609587682,0.000386007148072679,0.00434041454029852,0.00143958427638864,"MME/MMP9/MMP1/TIMP1",4
"BP","GO:0042552","myelination","12/652","109/18842",0.110091743119266,3.18151629425339,4.32441601170954,0.00039016802807885,0.00436542838364152,0.00144788061196542,"CLDN5/TNFRSF21/PMP22/ADGRG6/QKI/NFASC/PLLP/CLU/MYRF/GPM6B/PTN/JAM2",12
"BP","GO:0051310","metaphase chromosome alignment","12/652","109/18842",0.110091743119266,3.18151629425339,4.32441601170954,0.00039016802807885,0.00436542838364152,0.00144788061196542,"CENPA/H3-3B/TTK/ZWINT/CDK1/NDC80/KAT2B/BIRC5/CENPF/CCNB1/NEK2/ECT2",12
"BP","GO:1900744","regulation of p38MAPK cascade","7/652","40/18842",0.175,5.05728527607362,4.86320906080614,0.000396428982185268,0.00442450069473607,0.00146747311158316,"PER1/BMP2/AGER/SASH1/DUSP1/GADD45B/STK39",7
"BP","GO:0030449","regulation of complement activation","6/652","29/18842",0.206896551724138,5.97905648402793,5.08014896653697,0.000403419409878956,0.00449140276331904,0.00148966250503757,"SERPING1/A2M/C4BPA/CD55/CLU/VSIG4",6
"BP","GO:0009792","embryo development ending in birth or egg hatching","20/652","248/18842",0.0806451612903226,2.33054621017217,3.99327126011486,0.000415720531455514,0.0046169553604259,0.00153130450558306,"EMP2/FOXF1/FOLR1/COL1A1/SCEL/EDN1/TGFBR2/TFAP2A/PTCH1/RBP4/BMP2/EDNRA/DSP/RAI2/HEY1/FGFR2/DLC1/TBX2/COL3A1/SULF1",20
"BP","GO:0036294","cellular response to decreased oxygen levels","15/652","159/18842",0.0943396226415094,2.72629934020141,4.13857455169128,0.000423454043675116,0.00469128816444987,0.00155595844932491,"RGCC/AK4/EDN1/PGK1/LCN2/NDNF/PMAIP1/ENO1/FOS/KCNK3/GATA6/EPAS1/CCNB1/FGFR2/AQP1",15
"BP","GO:0150076","neuroinflammatory response","10/652","80/18842",0.125,3.61234662576687,4.43297878284587,0.00042653636041473,0.00470504754745426,0.00156052202067092,"MMP9/IL6/LDLR/CX3CR1/CLU/ZEB2/AGER/TYROBP/IL33/C5AR1",10
"BP","GO:0048640","negative regulation of developmental growth","9/652","66/18842",0.136363636363636,3.94074177356386,4.53092364364061,0.000427826456965236,0.00470504754745426,0.00156052202067092,"WWC2/PTCH1/RBP4/SEMA3G/CDH1/SPP1/GDF15/SLC6A4/SEMA5A",9
"BP","GO:1903670","regulation of sprouting angiogenesis","9/652","66/18842",0.136363636363636,3.94074177356386,4.53092364364061,0.000427826456965236,0.00470504754745426,0.00156052202067092,"DSG2/ADGRG6/CEACAM1/JCAD/SEMA6A/KLF2/KLF4/CLIC3/ALOX5",9
"BP","GO:1901990","regulation of mitotic cell cycle phase transition","25/652","345/18842",0.072463768115942,2.09411398595181,3.88312071743229,0.000432726858414172,0.00474736108172628,0.00157455614069583,"RGCC/FHL1/CDKN2A/BUB1B/DLGAP5/TTK/ZWINT/RRM2/CDK1/NDC80/TRIP13/BIRC5/KLF4/AURKA/UBE2C/CENPF/ADAMTS1/UBD/DUSP1/BUB1/CCNB1/FAM107A/KANK2/CDC20/MAD2L1",25
"BP","GO:0007272","ensheathment of neurons","12/652","111/18842",0.108108108108108,3.12419167633892,4.24946379357865,0.000461253265213183,0.00503581349357444,0.001670227084733,"CLDN5/TNFRSF21/PMP22/ADGRG6/QKI/NFASC/PLLP/CLU/MYRF/GPM6B/PTN/JAM2",12
"BP","GO:0008366","axon ensheathment","12/652","111/18842",0.108108108108108,3.12419167633892,4.24946379357865,0.000461253265213183,0.00503581349357444,0.001670227084733,"CLDN5/TNFRSF21/PMP22/ADGRG6/QKI/NFASC/PLLP/CLU/MYRF/GPM6B/PTN/JAM2",12
"BP","GO:0001990","regulation of systemic arterial blood pressure by hormone","7/652","41/18842",0.170731707317073,4.93393685470597,4.77406427043453,0.000463953704229535,0.00505306099606515,0.001675947559854,"MME/EDN1/CPA3/F2RL1/AGTR1/AGTR2/EDNRB",7
"BP","GO:0042476","odontogenesis","10/652","81/18842",0.123456790123457,3.56774975384382,4.3845662552177,0.000471812555264465,0.00511394906655643,0.00169614229196658,"COL1A1/EDN1/TFAP2A/CD34/BMP2/COL1A2/ID3/FGFR2/TMT1A/AQP1",10
"BP","GO:0051591","response to cAMP","10/652","81/18842",0.123456790123457,3.56774975384382,4.3845662552177,0.000471812555264465,0.00511394906655643,0.00169614229196658,"COL1A1/SRD5A1/FOS/PER1/CDO1/FBP1/DUOX1/DUSP1/AQP1/FOSB",10
"BP","GO:0072330","monocarboxylic acid biosynthetic process","19/652","232/18842",0.0818965517241379,2.36670985826105,3.96557854332839,0.000474926065342817,0.0051353516274119,0.00170324087432454,"NME1/EDN1/FABP5/ACACB/PDK4/MIF/CEACAM1/ALDH1A1/PLA2G4A/CES1/SHMT2/KAT2B/LPL/FGFR4/PLA2G1B/MTHFD2/PTGDS/ACADL/ALOX5",19
"BP","GO:0090303","positive regulation of wound healing","9/652","67/18842",0.134328358208955,3.88192473216738,4.47393310017993,0.000479305198693707,0.00517030416485628,0.00171483357425162,"MYLK/PLAU/THBD/DUOX1/CD36/HBEGF/CLDN4/FERMT2/CLDN3",9
"BP","GO:0010715","regulation of extracellular matrix disassembly","6/652","30/18842",0.2,5.77975460122699,4.96030253419893,0.000489663993519433,0.00523914373182476,0.00173766557734283,"IL6/TIMP3/FAP/PLAU/RECK/FGFR4",6
"BP","GO:0035025","positive regulation of Rho protein signal transduction","6/652","30/18842",0.2,5.77975460122699,4.96030253419893,0.000489663993519433,0.00523914373182476,0.00173766557734283,"F2RL1/NET1/TEK/ARRB1/FERMT2/COL3A1",6
"BP","GO:0055023","positive regulation of cardiac muscle tissue growth","6/652","30/18842",0.2,5.77975460122699,4.96030253419893,0.000489663993519433,0.00523914373182476,0.00173766557734283,"EDN1/TGFBR3/CDK1/CCNB1/FGFR2/TBX2",6
"BP","GO:0001975","response to amphetamine","5/652","20/18842",0.25,7.22469325153374,5.27302087922367,0.000491496517756015,0.00523914373182476,0.00173766557734283,"EDN1/RGS17/EDNRA/SLC1A1/FOSB",5
"BP","GO:0048745","smooth muscle tissue development","5/652","20/18842",0.25,7.22469325153374,5.27302087922367,0.000491496517756015,0.00523914373182476,0.00173766557734283,"MYLK/PTCH1/ITGA8/ENG/COL3A1",5
"BP","GO:0046890","regulation of lipid biosynthetic process","17/652","197/18842",0.0862944162436548,2.49380274672231,3.99029125148057,0.000512589582784205,0.00545110006786316,0.00180796508579043,"NME1/EDN1/LDLR/FABP5/PDK4/QKI/CEACAM1/BMP2/ABCA3/DKK3/ABCG1/CES1/KAT2B/EGR1/FGFR4/SORBS1/ACADL",17
"BP","GO:0022407","regulation of cell-cell adhesion","31/652","472/18842",0.0656779661016949,1.89801263387751,3.74074660931111,0.000520317856476257,0.00552026638788575,0.00183090546299075,"PLPP3/RGCC/TNFRSF21/IL6/HSPD1/CDKN2A/MDK/CD24/TGFBR2/HLA-E/SFTPD/CD55/CEACAM1/ZBTB16/BMP2/CXCL12/AGER/VSIG4/IL7R/NR4A3/CDH1/PODXL/KLF4/EPCAM/IGFBP2/CXCL13/CAV1/EFNB2/SOX4/SFN/ALOX5",31
"BP","GO:0019216","regulation of lipid metabolic process","24/652","331/18842",0.0725075528700906,2.09537931162308,3.80647528022863,0.0005544134041303,0.00586819258033691,0.00194630206194372,"NME1/EDN1/LDLR/PGK1/FABP5/ACACB/PDK4/QKI/CEACAM1/HPGD/BMP2/EEF1A2/ABCA3/DKK3/ABCG1/CES1/KAT2B/EGR1/AGTR1/FGFR4/CAV1/SORBS1/GDF15/ACADL",24
"BP","GO:0002699","positive regulation of immune effector process","19/652","235/18842",0.0808510638297872,2.33649654092155,3.90321985694252,0.000556281797394792,0.005872555767556,0.00194774919922916,"GPI/IL6/HSPD1/HLA-E/GATA2/FGR/MIF/CD55/RBP4/F2RL1/NR4A3/SLC7A5/TYROBP/FCN3/CADM1/IL33/CFB/PGC/INAVA",19
"BP","GO:0042325","regulation of phosphorylation","28/652","412/18842",0.0679611650485437,1.96399428197034,3.74558641652884,0.000562865587597296,0.005872555767556,0.00194774919922916,"EMP2/MMP9/GAS6/SRPX2/IL6/TPX2/CDKN3/ANGPT1/CDKN2A/FGR/MIF/CEACAM1/LDB2/BMP2/EEF1A2/FBLN1/SASH1/IL7R/GPRC5A/SLIT2/LIMCH1/NEDD9/ARRB1/EZH2/ECT2/ADARB1/IGFBP3/SFN",28
"BP","GO:0006002","fructose 6-phosphate metabolic process","4/652","12/18842",0.333333333333333,9.63292433537832,5.66347282030967,0.00056320609568822,0.005872555767556,0.00194774919922916,"GPI/GFPT1/FBP1/PFKP",4
"BP","GO:0042045","epithelial fluid transport","4/652","12/18842",0.333333333333333,9.63292433537832,5.66347282030967,0.00056320609568822,0.005872555767556,0.00194774919922916,"EDN1/CLDN18/AQP1/EDNRB",4
"BP","GO:0071493","cellular response to UV-B","4/652","12/18842",0.333333333333333,9.63292433537832,5.66347282030967,0.00056320609568822,0.005872555767556,0.00194774919922916,"MME/MFAP4/HYAL1/HYAL2",4
"BP","GO:1900426","positive regulation of defense response to bacterium","4/652","12/18842",0.333333333333333,9.63292433537832,5.66347282030967,0.00056320609568822,0.005872555767556,0.00194774919922916,"MMRN2/F2RL1/DUOX1/PGC",4
"BP","GO:0060828","regulation of canonical Wnt signaling pathway","20/652","254/18842",0.078740157480315,2.27549393749094,3.87470236877124,0.000563942481115935,0.005872555767556,0.00194774919922916,"FOLR1/COL1A1/SCEL/TPBG/MDK/WWTR1/GPC3/RECK/ZEB2/BMP2/CDH3/DKK3/EGR1/IGFBP2/LGR4/CAV1/FGFR2/GREM1/SOX4/SEMA5A",20
"BP","GO:0038066","p38MAPK cascade","8/652","55/18842",0.145454545454545,4.20345789180145,4.50433901562647,0.000570033626866354,0.00592230788834192,0.00196425047350502,"PER1/BMP2/AGER/SASH1/ZFP36/DUSP1/GADD45B/STK39",8
"BP","GO:0002702","positive regulation of production of molecular mediator of immune response","12/652","114/18842",0.105263157894737,3.04197610590894,4.14015694199966,0.000588159801999884,0.00609658056831604,0.00202205145255104,"GPI/IL6/HLA-E/MIF/CD55/RBP4/F2RL1/NR4A3/SLC7A5/IL33/PGC/INAVA",12
"BP","GO:0001656","metanephros development","9/652","69/18842",0.130434782608696,3.76940517471326,4.36318500214754,0.000597554999625716,0.00617976030576228,0.00204963965663385,"TCF21/PTCH1/CD34/EGR1/LGR4/ID3/AGTR2/AQP1/GREM1",9
"BP","GO:0003012","muscle system process","31/652","477/18842",0.0649895178197065,1.87811732324986,3.67769484633891,0.000620033246757639,0.00638452381083709,0.00211755352051646,"NMU/SYNM/EDN1/DSG2/LMCD1/MYLK/MYH11/NPR3/MEIS1/ADRB2/ENO1/CACNA2D2/FXYD1/NR4A3/LMOD1/EDNRA/KLF4/CNN1/NEDD4L/DSP/DES/ARRB1/DOCK4/CRYAB/CAV1/EDNRB/ATP2A2/MYL9/TNNC1/SULF1/DMD",31
"BP","GO:0015850","organic hydroxy compound transport","21/652","275/18842",0.0763636363636364,2.20681539319576,3.8167678239776,0.000620186611032744,0.00638452381083709,0.00211755352051646,"LDLR/PTCH1/CEACAM1/SLC16A3/RBP4/CLU/GPM6B/CXCL12/ABCA3/ABCG1/CES1/ABCC3/SPP1/AGTR1/CD36/CAV1/SLC6A4/AQP1/ABCA8/GABBR1/MSR1",21
"BP","GO:0003197","endocardial cushion development","7/652","43/18842",0.162790697674419,4.70445141960337,4.60415759659233,0.00062640075642067,0.00639477950645937,0.00212095502468713,"FOXF1/TGFBR2/BMP2/TBX3/HEY1/ENG/TBX2",7
"BP","GO:0001991","regulation of systemic arterial blood pressure by circulatory renin-angiotensin","5/652","21/18842",0.238095238095238,6.88066023955595,5.10474216823427,0.000626855742261043,0.00639477950645937,0.00212095502468713,"MME/CPA3/F2RL1/AGTR2/EDNRB",5
"BP","GO:0010878","cholesterol storage","5/652","21/18842",0.238095238095238,6.88066023955595,5.10474216823427,0.000626855742261043,0.00639477950645937,0.00212095502468713,"ABCG1/CES1/LPL/CD36/MSR1",5
"BP","GO:0019370","leukotriene biosynthetic process","5/652","21/18842",0.238095238095238,6.88066023955595,5.10474216823427,0.000626855742261043,0.00639477950645937,0.00212095502468713,"GGTLC1/ALOX5AP/PLA2G4A/PLA2G1B/ALOX5",5
"BP","GO:0042445","hormone metabolic process","18/652","219/18842",0.0821917808219178,2.3752416169426,3.87557071163627,0.000635038009681633,0.00646362615271892,0.00214378937576516,"MME/SRD5A1/HSD17B6/SCG5/PAPSS2/RBP4/CPA3/ALDH1A1/BMP2/DKK3/CES1/SPP1/EGR1/DUOX1/BCHE/EDNRB/ADH1B/GHR",18
"BP","GO:0045428","regulation of nitric oxide biosynthetic process","8/652","56/18842",0.142857142857143,4.12839614373357,4.43872275389033,0.000645201616536954,0.00655228398415569,0.00217319449800178,"HBB/EDN1/CX3CR1/CLU/KLF2/KLF4/CD36/CAV1",8
"BP","GO:0001906","cell killing","19/652","238/18842",0.0798319327731092,2.30704490385111,3.84180435360326,0.000649415422777382,0.00656550255897582,0.00217757869962368,"EMP2/IGHG1/CX3CR1/HLA-E/CD55/CEACAM1/CLU/CXCL12/AGER/F2RL1/CXCL2/TYROBP/CADM1/C7/CXCL13/PIK3R1/CXCL3/CXCL14/DNASE1L3",19
"BP","GO:0034599","cellular response to oxidative stress","19/652","238/18842",0.0798319327731092,2.30704490385111,3.84180435360326,0.000649415422777382,0.00656550255897582,0.00217757869962368,"IL6/EDN1/NQO1/LCN2/CDK1/FOS/FBLN5/KLF2/EDNRA/KAT2B/KLF4/NET1/GPX3/GPR37/CAT/CD36/AQP1/ECT2/ALOX5",19
"BP","GO:0006809","nitric oxide biosynthetic process","9/652","70/18842",0.128571428571429,3.71555652936021,4.30935247919493,0.0006650579049454,0.0066936296727652,0.0022200745895157,"HBB/EDN1/NQO1/CX3CR1/CLU/KLF2/KLF4/CD36/CAV1",9
"BP","GO:0055017","cardiac muscle tissue growth","9/652","70/18842",0.128571428571429,3.71555652936021,4.30935247919493,0.0006650579049454,0.0066936296727652,0.0022200745895157,"EDN1/MEIS1/RBP4/TGFBR3/CDK1/S1PR1/CCNB1/FGFR2/TBX2",9
"BP","GO:0090092","regulation of transmembrane receptor protein serine/threonine kinase signaling pathway","22/652","297/18842",0.0740740740740741,2.14064985230629,3.75125491559617,0.000699750612408606,0.00702711695178264,0.00233068223742394,"SOSTDC1/CHRDL1/FOLR1/TGFBR2/TTK/TGFBR3/ZEB2/BMP2/CDH3/DKK3/CDH5/LRRC32/CDKN1C/LTBP4/ENG/CAV1/CRIM1/GDF15/GREM1/ZNF423/SMAD6/SULF1",22
"BP","GO:0006584","catecholamine metabolic process","7/652","44/18842",0.159090909090909,4.59753206915784,4.52308357789275,0.000722985237437235,0.0072122576008949,0.00239208779325458,"MAOA/HPRT1/ALDH2/KL/EDNRA/SLC1A1/NPR1",7
"BP","GO:0009712","catechol-containing compound metabolic process","7/652","44/18842",0.159090909090909,4.59753206915784,4.52308357789275,0.000722985237437235,0.0072122576008949,0.00239208779325458,"MAOA/HPRT1/ALDH2/KL/EDNRA/SLC1A1/NPR1",7
"BP","GO:1903115","regulation of actin filament-based movement","7/652","44/18842",0.159090909090909,4.59753206915784,4.52308357789275,0.000722985237437235,0.0072122576008949,0.00239208779325458,"DSG2/ADRB2/ZEB2/DSP/CAV1/ATP2A2/TNNC1",7
"BP","GO:0043030","regulation of macrophage activation","8/652","57/18842",0.140350877192982,4.05596814121193,4.37461737574892,0.000728162950576225,0.00723190912807973,0.00239860561068414,"IL6/LDLR/HSPD1/MIF/VSIG4/PLA2G4A/IL33/IL1RL1",8
"BP","GO:1904645","response to amyloid-beta","8/652","57/18842",0.140350877192982,4.05596814121193,4.37461737574892,0.000728162950576225,0.00723190912807973,0.00239860561068414,"MMP9/LCN2/ADRB2/AGER/RAMP3/TYROBP/CD36/MMP12",8
"BP","GO:0061045","negative regulation of wound healing","9/652","71/18842",0.126760563380282,3.66322474725655,4.2565007118077,0.000738660329230232,0.00732004269120685,0.00242783684897301,"PROS1/EDN1/SERPING1/FAP/PLAU/CEACAM1/THBD/CPB2/ALOX5",9
"BP","GO:0045931","positive regulation of mitotic cell cycle","12/652","117/18842",0.102564102564103,2.96397671857795,4.03438904681856,0.000743164549317294,0.00734852840542035,0.00243728469915015,"RGCC/DLGAP5/RRM2/CDK1/BIRC5/AURKA/UBE2C/ADAMTS1/MEIS2/CCNB1/TAL1/CDC20",12
"BP","GO:1905952","regulation of lipid localization","15/652","168/18842",0.0892857142857143,2.58024758983348,3.89511714346513,0.000755362137367045,0.00745279623060832,0.00247186718436677,"IL6/EDN1/PTCH1/ACACB/MIF/ABCA3/ABCG1/CES1/SPP1/LPL/AGTR1/CD36/CAV1/ABCA8/MSR1",15
"BP","GO:0022612","gland morphogenesis","5/652","22/18842",0.227272727272727,6.56790295593977,4.94712189409884,0.000788316155595465,0.0076569856593144,0.0025395906444743,"PERP/CAV1/FGFR2/SULF1/ELF3",5
"BP","GO:0045217","cell-cell junction maintenance","5/652","22/18842",0.227272727272727,6.56790295593977,4.94712189409884,0.000788316155595465,0.0076569856593144,0.0025395906444743,"F2RL1/DSP/INAVA/FERMT2/CLDN3",5
"BP","GO:0003096","renal sodium ion transport","4/652","13/18842",0.307692307692308,8.89193015573384,5.3889071967776,0.000791340722386452,0.0076569856593144,0.0025395906444743,"EDN1/EDNRA/STK39/EDNRB",4
"BP","GO:0030889","negative regulation of B cell proliferation","4/652","13/18842",0.307692307692308,8.89193015573384,5.3889071967776,0.000791340722386452,0.0076569856593144,0.0025395906444743,"TNFRSF21/CDKN2A/MNDA/TYROBP",4
"BP","GO:0044857","plasma membrane raft organization","4/652","13/18842",0.307692307692308,8.89193015573384,5.3889071967776,0.000791340722386452,0.0076569856593144,0.0025395906444743,"EMP2/COLEC12/CAV2/CAV1",4
"BP","GO:0051231","spindle elongation","4/652","13/18842",0.307692307692308,8.89193015573384,5.3889071967776,0.000791340722386452,0.0076569856593144,0.0025395906444743,"KIF11/BIRC5/PRC1/KIF4A",4
"BP","GO:0070294","renal sodium ion absorption","4/652","13/18842",0.307692307692308,8.89193015573384,5.3889071967776,0.000791340722386452,0.0076569856593144,0.0025395906444743,"EDN1/EDNRA/STK39/EDNRB",4
"BP","GO:0106014","regulation of inflammatory response to wounding","4/652","13/18842",0.307692307692308,8.89193015573384,5.3889071967776,0.000791340722386452,0.0076569856593144,0.0025395906444743,"DSG2/MDK/IL33/ALOX5",4
"BP","GO:1900272","negative regulation of long-term synaptic potentiation","4/652","13/18842",0.307692307692308,8.89193015573384,5.3889071967776,0.000791340722386452,0.0076569856593144,0.0025395906444743,"AGER/TYROBP/PTN/FAM107A",4
"BP","GO:0002027","regulation of heart rate","11/652","102/18842",0.107843137254902,3.11653434379887,4.05788780893013,0.00080305957380137,0.00773796996867069,0.0025664506914355,"NMU/EDN1/DSG2/EDNRA/SLC1A1/DSP/CAV1/AGTR2/EDNRB/ATP2A2/DMD",11
"BP","GO:0060560","developmental growth involved in morphogenesis","15/652","169/18842",0.0887573964497041,2.56497985261553,3.86905120717684,0.000803142591558635,0.00773796996867069,0.0025664506914355,"NRN1/EDN1/TRPV2/SEMA3G/CXCL12/S1PR1/CDH1/EDNRA/FLRT3/NEDD4L/SLIT2/SPP1/MACF1/FGFR2/SEMA5A",15
"BP","GO:0030500","regulation of bone mineralization","9/652","72/18842",0.125,3.61234662576687,4.20459662052144,0.000818767685873683,0.0078452441005268,0.00260203027768227,"ADGRG6/TFAP2A/GPM6B/BMP2/S1PR1/KL/PTN/GREM1/ALOX5",9
"BP","GO:0014855","striated muscle cell proliferation","8/652","58/18842",0.137931034482759,3.98603765601862,4.31195937292926,0.000819496556076319,0.0078452441005268,0.00260203027768227,"ANGPT1/RBP4/TGFBR3/CDK1/FOS/CCNB1/FGFR2/TBX2",8
"BP","GO:0070542","response to fatty acid","8/652","58/18842",0.137931034482759,3.98603765601862,4.31195937292926,0.000819496556076319,0.0078452441005268,0.00260203027768227,"EDN1/LDLR/PDK4/PID1/LPL/CAT/CD36/CCNB1",8
"BP","GO:0042311","vasodilation","7/652","45/18842",0.155555555555556,4.49536468984322,4.44440782926856,0.000830982610745878,0.00788821177232245,0.0026162813553468,"PECAM1/ADRB2/F2RL1/KLF2/KAT2B/AGTR2/EDNRB",7
"BP","GO:0042743","hydrogen peroxide metabolic process","7/652","45/18842",0.155555555555556,4.49536468984322,4.44440782926856,0.000830982610745878,0.00788821177232245,0.0026162813553468,"HBB/HBA1/PRDX4/DUOX1/GPX3/CAT/HBA2",7
"BP","GO:0046850","regulation of bone remodeling","7/652","45/18842",0.155555555555556,4.49536468984322,4.44440782926856,0.000830982610745878,0.00788821177232245,0.0026162813553468,"LEPR/IL6/MDK/PDK4/S1PR1/SPP1/GREM1",7
"BP","GO:2000027","regulation of animal organ morphogenesis","7/652","45/18842",0.155555555555556,4.49536468984322,4.44440782926856,0.000830982610745878,0.00788821177232245,0.0026162813553468,"EDN1/CD34/BMP2/LGR4/AGTR2/GREM1/SULF1",7
"BP","GO:0051492","regulation of stress fiber assembly","10/652","87/18842",0.114942528735632,3.32169804668218,4.10928488949785,0.000835103880390067,0.0079059859320164,0.00262217650673934,"RGCC/SYNPO/CCN2/S1PR1/PTGER4/LIMCH1/DLC1/PIK3R1/ARHGAP6/FERMT2",10
"BP","GO:0090231","regulation of spindle checkpoint","6/652","33/18842",0.181818181818182,5.25432236475181,4.63088434388938,0.000836361785223292,0.0079059859320164,0.00262217650673934,"ZWINT/NDC80/BIRC5/DUSP1/CCNB1/MAD2L1",6
"BP","GO:0010720","positive regulation of cell development","25/652","362/18842",0.069060773480663,1.99577161644579,3.6217833502179,0.00086878128539748,0.00819526112104025,0.00271812034109011,"CLDN5/MME/GAS6/IL6/TRPV2/NTRK2/MDK/CX3CR1/TGFBR2/QKI/ZBTB16/MYRF/BMP2/CXCL12/AGER/IL7R/CDH5/SLC7A5/TYROBP/SLIT2/NEDD9/PTN/MACF1/SOX4/SEMA5A",25
"BP","GO:0055007","cardiac muscle cell differentiation","11/652","103/18842",0.106796116504854,3.08627672881053,4.0195435985133,0.000871608698412602,0.00820476747628898,0.00272127331171418,"EDN1/MYH11/MEIS1/CDK1/BMP2/TBX3/NEBL/CCNB1/EFNB2/GREM1/FHL2",11
"BP","GO:0060420","regulation of heart growth","8/652","59/18842",0.135593220338983,3.91847769574711,4.25068897199866,0.000919805029932627,0.00864041849992962,0.00286576558492976,"EDN1/ACACB/RBP4/TGFBR3/CDK1/CCNB1/FGFR2/TBX2",8
"BP","GO:0010876","lipid localization","30/652","468/18842",0.0641025641025641,1.85248544911122,3.53563535873421,0.000938729143839226,0.00879985386605213,0.00291864547555754,"IL6/EDN1/LDLR/FABP5/SLC2A1/PTCH1/ACACB/MIF/CEACAM1/RBP4/CLU/APOLD1/ABCA3/PLA2G4A/ABCG1/CES1/ABCC3/SLC27A3/SPP1/SLCO2A1/LPL/AGTR1/CRABP2/CD36/CAV1/FABP4/PLA2G1B/PLSCR4/ABCA8/MSR1",30
"BP","GO:0003229","ventricular cardiac muscle tissue development","7/652","46/18842",0.152173913043478,4.3976393704988,4.36800273098221,0.000951319017965024,0.00889937230706285,0.00295165273363384,"DSG2/TGFBR3/EDNRA/DSP/ENG/FGFR2/TNNC1",7
"BP","GO:0016485","protein processing","18/652","227/18842",0.079295154185022,2.29153266127943,3.70634826258334,0.000963408808291941,0.00899381017927197,0.00298297492064285,"MME/CLEC3B/PGK1/TMPRSS11E/PTCH1/SCG5/PLAU/ENO1/CFD/MYRF/CPA3/CPD/THBD/MAGEA3/F8/TMPRSS4/BCHE/ST14",18
"BP","GO:0003181","atrioventricular valve morphogenesis","5/652","23/18842",0.217391304347826,6.28234195785543,4.79900919755242,0.000978872425561168,0.00906311245760843,0.00300596039110536,"TGFBR2/BMP2/HEY1/SOX4/SMAD6",5
"BP","GO:0016338","calcium-independent cell-cell adhesion","5/652","23/18842",0.217391304347826,6.28234195785543,4.79900919755242,0.000978872425561168,0.00906311245760843,0.00300596039110536,"CLDN5/BMP2/CLDN18/CLDN4/CLDN3",5
"BP","GO:0033688","regulation of osteoblast proliferation","5/652","23/18842",0.217391304347826,6.28234195785543,4.79900919755242,0.000978872425561168,0.00906311245760843,0.00300596039110536,"NPR3/BMP2/FBLN5/FGFR2/GREM1",5
"BP","GO:0061042","vascular wound healing","5/652","23/18842",0.217391304347826,6.28234195785543,4.79900919755242,0.000978872425561168,0.00906311245760843,0.00300596039110536,"MCAM/GATA2/CD34/NDNF/ALOX5",5
"BP","GO:0006691","leukotriene metabolic process","6/652","34/18842",0.176470588235294,5.09978347167088,4.52989873786292,0.000986239125408669,0.00907541268666875,0.00301004000520369,"GGTLC1/ALOX5AP/PLA2G4A/DPEP2/PLA2G1B/ALOX5",6
"BP","GO:0042044","fluid transport","6/652","34/18842",0.176470588235294,5.09978347167088,4.52989873786292,0.000986239125408669,0.00907541268666875,0.00301004000520369,"EDN1/HYAL2/AQP4/CLDN18/AQP1/EDNRB",6
"BP","GO:0060412","ventricular septum morphogenesis","6/652","34/18842",0.176470588235294,5.09978347167088,4.52989873786292,0.000986239125408669,0.00907541268666875,0.00301004000520369,"TGFBR2/TGFBR3/SLIT2/HEY1/FGFR2/SOX4",6
"BP","GO:0050886","endocrine process","10/652","89/18842",0.112359550561798,3.24705314675674,4.02283661193024,0.000998007117979134,0.00916499815675746,0.00303975279713525,"MME/EDN1/CPA3/F2RL1/TBX3/SPP1/AGTR1/AGTR2/EDNRB/RAB11FIP1",10
"BP","GO:0032732","positive regulation of interleukin-1 production","9/652","74/18842",0.121621621621622,3.51471563588128,4.10350689728828,0.00100019793910755,0.00916644818584542,0.00304023372794403,"IL6/IGHD/AGER/F2RL1/TYROBP/EGR1/LPL/CD36/INAVA",9
"BP","GO:0051960","regulation of nervous system development","24/652","346/18842",0.069364161849711,2.0045391680556,3.57047041757901,0.00102910845349859,0.00939874934735663,0.00311728099990238,"MME/TNFRSF21/SRPX2/IL6/LDLR/TRPV2/NTRK2/MDK/CX3CR1/QKI/MYRF/SEMA3G/BMP2/CXCL12/SLC7A5/CDH1/SLIT2/SPP1/THBS2/HEY1/PTN/JAM2/MACF1/SEMA5A",24
"BP","GO:0080164","regulation of nitric oxide metabolic process","8/652","60/18842",0.133333333333333,3.85316973415133,4.19074985510736,0.00102971438846622,0.00939874934735663,0.00311728099990238,"HBB/EDN1/CX3CR1/CLU/KLF2/KLF4/CD36/CAV1",8
"BP","GO:0048568","embryonic organ development","19/652","248/18842",0.0766129032258065,2.21401889966357,3.6435463452528,0.00106337697419553,0.00965942348277425,0.00320373872948657,"LMO2/FOXF1/EFEMP1/FOLR1/EDN1/TGFBR2/TFAP2A/TCF21/RBP4/TBX3/EDNRA/HEY1/ENG/ID3/TAL1/FGFR2/FOXF2/SOBP/TBX2",19
"BP","GO:0032635","interleukin-6 production","14/652","156/18842",0.0897435897435897,2.5934796287557,3.78364224514644,0.00106470025968924,0.00965942348277425,0.00320373872948657,"GAS6/IL6/HSPD1/IRAK3/HYAL2/AGER/F2RL1/KLF2/TYROBP/ARRB1/LPL/IL33/POU2AF1/INAVA",14
"BP","GO:0032675","regulation of interleukin-6 production","14/652","156/18842",0.0897435897435897,2.5934796287557,3.78364224514644,0.00106470025968924,0.00965942348277425,0.00320373872948657,"GAS6/IL6/HSPD1/IRAK3/HYAL2/AGER/F2RL1/KLF2/TYROBP/ARRB1/LPL/IL33/POU2AF1/INAVA",14
"BP","GO:0015670","carbon dioxide transport","4/652","14/18842",0.285714285714286,8.25679228746713,5.14240217189068,0.00107770910851427,0.0097187807405817,0.003223425737314,"HBB/HBA1/HBA2/AQP1",4
"BP","GO:0042447","hormone catabolic process","4/652","14/18842",0.285714285714286,8.25679228746713,5.14240217189068,0.00107770910851427,0.0097187807405817,0.003223425737314,"MME/SRD5A1/HSD17B6/SPP1",4
"BP","GO:0070141","response to UV-A","4/652","14/18842",0.285714285714286,8.25679228746713,5.14240217189068,0.00107770910851427,0.0097187807405817,0.003223425737314,"MME/MMP9/MMP1/TIMP1",4
"BP","GO:0002886","regulation of myeloid leukocyte mediated immunity","7/652","47/18842",0.148936170212766,4.3040725753818,4.29375010753991,0.00108495702852844,0.00972082503357528,0.00322410376749351,"CX3CR1/HLA-E/GATA2/FGR/F2RL1/TYROBP/DNASE1L3",7
"BP","GO:0014015","positive regulation of gliogenesis","7/652","47/18842",0.148936170212766,4.3040725753818,4.29375010753991,0.00108495702852844,0.00972082503357528,0.00322410376749351,"IL6/MDK/QKI/MYRF/BMP2/SLC7A5/PTN",7
"BP","GO:0048009","insulin-like growth factor receptor signaling pathway","7/652","47/18842",0.148936170212766,4.3040725753818,4.29375010753991,0.00108495702852844,0.00972082503357528,0.00322410376749351,"BMP2/CDH3/IGFBP2/CRIM1/PIK3R1/GHR/IGFBP3",7
"BP","GO:0002275","myeloid cell activation involved in immune response","10/652","90/18842",0.111111111111111,3.21097477845944,3.98052787070929,0.00108871515678765,0.00972082503357528,0.00322410376749351,"CX3CR1/GATA2/FGR/F2RL1/NR4A3/TYROBP/IL33/ANXA3/PTGDS/DNASE1L3",10
"BP","GO:0032755","positive regulation of interleukin-6 production","10/652","90/18842",0.111111111111111,3.21097477845944,3.98052787070929,0.00108871515678765,0.00972082503357528,0.00322410376749351,"IL6/HSPD1/HYAL2/AGER/F2RL1/TYROBP/LPL/IL33/POU2AF1/INAVA",10
"BP","GO:0048562","embryonic organ morphogenesis","14/652","157/18842",0.089171974522293,2.5769606502286,3.75650139781918,0.00113273296762824,0.0100938595870271,0.00334782805067269,"FOXF1/EFEMP1/FOLR1/TGFBR2/TFAP2A/TCF21/RBP4/TBX3/EDNRA/ENG/FGFR2/FOXF2/SOBP/TBX2",14
"BP","GO:0050769","positive regulation of neurogenesis","15/652","175/18842",0.0857142857142857,2.47703768624014,3.71648821584599,0.00114697333542414,0.0101797894334861,0.00337632838276915,"MME/IL6/TRPV2/NTRK2/MDK/CX3CR1/QKI/MYRF/BMP2/CXCL12/SLC7A5/SLIT2/PTN/MACF1/SEMA5A",15
"BP","GO:0003203","endocardial cushion morphogenesis","6/652","35/18842",0.171428571428571,4.95407537248028,4.43280499555827,0.00115592197603568,0.0101797894334861,0.00337632838276915,"TGFBR2/BMP2/TBX3/HEY1/ENG/TBX2",6
"BP","GO:0032373","positive regulation of sterol transport","6/652","35/18842",0.171428571428571,4.95407537248028,4.43280499555827,0.00115592197603568,0.0101797894334861,0.00337632838276915,"PTCH1/ABCA3/ABCG1/CES1/CAV1/ABCA8",6
"BP","GO:0032376","positive regulation of cholesterol transport","6/652","35/18842",0.171428571428571,4.95407537248028,4.43280499555827,0.00115592197603568,0.0101797894334861,0.00337632838276915,"PTCH1/ABCA3/ABCG1/CES1/CAV1/ABCA8",6
"BP","GO:0045429","positive regulation of nitric oxide biosynthetic process","6/652","35/18842",0.171428571428571,4.95407537248028,4.43280499555827,0.00115592197603568,0.0101797894334861,0.00337632838276915,"HBB/EDN1/CLU/KLF2/KLF4/CD36",6
"BP","GO:1905332","positive regulation of morphogenesis of an epithelium","6/652","35/18842",0.171428571428571,4.95407537248028,4.43280499555827,0.00115592197603568,0.0101797894334861,0.00337632838276915,"MDK/LCN2/MMRN2/LGR4/AGTR2/GREM1",6
"BP","GO:0007093","mitotic cell cycle checkpoint signaling","13/652","140/18842",0.0928571428571429,2.68345749342682,3.78513670960716,0.00116101781895717,0.0102047355666235,0.00338460226091787,"BUB1B/TTK/ZWINT/CDK1/NDC80/TRIP13/BIRC5/CENPF/DUSP1/BUB1/CCNB1/CDC20/MAD2L1",13
"BP","GO:0010948","negative regulation of cell cycle process","22/652","309/18842",0.0711974110032362,2.05751781920702,3.54857095837437,0.00117449901368652,0.0103031440714252,0.00341724138671105,"RGCC/FHL1/BUB1B/TTK/ZWINT/CDK1/NDC80/TRIP13/KAT2B/BIRC5/KLF4/CENPF/DUSP1/BUB1/GMNN/CCNB1/FAM107A/KANK2/NEK2/CDC20/RFC4/MAD2L1",22
"BP","GO:0010463","mesenchymal cell proliferation","5/652","24/18842",0.208333333333333,6.02057770961145,4.65942156576579,0.00120161522013268,0.0104798511171727,0.00347584977128431,"TGFBR2/GPC3/BMP2/FGFR2/TBX2",5
"BP","GO:0034698","response to gonadotropin","5/652","24/18842",0.208333333333333,6.02057770961145,4.65942156576579,0.00120161522013268,0.0104798511171727,0.00347584977128431,"EDN1/SRD5A1/TGFBR3/EDNRA/GCLC",5
"BP","GO:0048143","astrocyte activation","5/652","24/18842",0.208333333333333,6.02057770961145,4.65942156576579,0.00120161522013268,0.0104798511171727,0.00347584977128431,"IL6/LDLR/ZEB2/AGER/C5AR1",5
"BP","GO:0010883","regulation of lipid storage","7/652","48/18842",0.145833333333333,4.21440439672802,4.2215403433846,0.0012328945377403,0.0107112167064952,0.00355258674223345,"IL6/ACACB/ABCG1/CES1/LPL/CD36/MSR1",7
"BP","GO:0120163","negative regulation of cold-induced thermogenesis","7/652","48/18842",0.145833333333333,4.21440439672802,4.2215403433846,0.0012328945377403,0.0107112167064952,0.00355258674223345,"NPR3/QKI/ALDH1A1/LAMA4/LGR4/ZNF423/ID1",7
"BP","GO:0006690","icosanoid metabolic process","12/652","124/18842",0.0967741935483871,2.79665545220661,3.80019028967554,0.00124128468532561,0.0107633704733331,0.00356988456989418,"EDN1/FABP5/GGTLC1/CYP2B6/MIF/HPGD/ALOX5AP/PLA2G4A/DPEP2/PLA2G1B/PTGDS/ALOX5",12
"BP","GO:0007051","spindle organization","16/652","195/18842",0.0820512820512821,2.37118137486236,3.64390586319167,0.00126654067774478,0.0109612896659332,0.00363552838225759,"RCC1/ASPM/KIF2A/TPX2/DLGAP5/TTK/KIF11/NDC80/TACC1/BIRC5/AURKA/PRC1/CCNB1/EML1/NEK2/KIF4A",16
"BP","GO:0090257","regulation of muscle system process","19/652","252/18842",0.0753968253968254,2.17887574252605,3.56687615094854,0.00128316527442825,0.0110559852661615,0.00366693604985847,"NMU/EDN1/DSG2/LMCD1/NPR3/ADRB2/ENO1/CACNA2D2/NR4A3/KLF4/CNN1/DSP/ARRB1/DOCK4/CAV1/ATP2A2/MYL9/TNNC1/DMD",19
"BP","GO:0071677","positive regulation of mononuclear cell migration","10/652","92/18842",0.108695652173913,3.14117097892771,3.89766087075527,0.00129037228739168,0.0110559852661615,0.00366693604985847,"GAS6/MDK/CX3CR1/CXCL12/AGER/NEDD9/C5AR1/JAM2/CXCL13/STK39",10
"BP","GO:0002698","negative regulation of immune effector process","11/652","108/18842",0.101851851851852,2.94339354692115,3.83457113910482,0.0012911121072536,0.0110559852661615,0.00366693604985847,"SERPING1/IRAK3/CX3CR1/A2M/HLA-E/C4BPA/CD55/CEACAM1/CLU/VSIG4/IL33",11
"BP","GO:0019217","regulation of fatty acid metabolic process","11/652","108/18842",0.101851851851852,2.94339354692115,3.83457113910482,0.0012911121072536,0.0110559852661615,0.00366693604985847,"NME1/EDN1/PGK1/FABP5/ACACB/PDK4/CEACAM1/KAT2B/CAV1/GDF15/ACADL",11
"BP","GO:0051962","positive regulation of nervous system development","17/652","214/18842",0.0794392523364486,2.29569692104811,3.60899783824803,0.00129219433028767,0.0110559852661615,0.00366693604985847,"MME/SRPX2/IL6/TRPV2/NTRK2/MDK/CX3CR1/QKI/MYRF/BMP2/CXCL12/SLC7A5/SLIT2/THBS2/PTN/MACF1/SEMA5A",17
"BP","GO:1903320","regulation of protein modification by small protein conjugation or removal","17/652","214/18842",0.0794392523364486,2.29569692104811,3.60899783824803,0.00129219433028767,0.0110559852661615,0.00366693604985847,"ANGPT1/CDKN2A/CDK1/CAPN3/UBE2S/SASH1/EPAS1/WFS1/EGR1/UBE2C/ARRB1/FAM107A/CAV1/FOXF2/INAVA/CDC20/MAD2L1",17
"BP","GO:0031669","cellular response to nutrient levels","18/652","233/18842",0.0772532188841202,2.23252323652545,3.58402459570533,0.00129633691339231,0.0110704226183446,0.00367172448308358,"FOLR1/COL1A1/GAS6/SRD5A1/SESN1/LCN2/PDK4/PMAIP1/FOS/SLC7A5/KAT2B/POSTN/LPL/CYP24A1/ATF3/FAM107A/CAV1/KANK2",18
"BP","GO:0030177","positive regulation of Wnt signaling pathway","13/652","142/18842",0.0915492957746479,2.64566231746306,3.72669213460772,0.00132235085995867,0.0112712287855457,0.00373832581763829,"COL1A1/SCEL/GPC3/RECK/ZEB2/BMP2/CDH3/LGR4/MACF1/FGFR2/SOX4/SULF1/SEMA5A",13
"BP","GO:0032370","positive regulation of lipid transport","9/652","77/18842",0.116883116883117,3.37777866305474,3.95823821073953,0.00133217270746409,0.011312178414229,0.00375190757141529,"EDN1/PTCH1/MIF/ABCA3/ABCG1/CES1/SPP1/CAV1/ABCA8",9
"BP","GO:0035270","endocrine system development","9/652","77/18842",0.116883116883117,3.37777866305474,3.95823821073953,0.00133217270746409,0.011312178414229,0.00375190757141529,"IL6/EDN1/SRD5A1/DSG2/MDK/BMP2/DKK3/CDH1/EDNRA",9
"BP","GO:0007585","respiratory gaseous exchange by respiratory system","6/652","36/18842",0.166666666666667,4.81646216768916,4.33933739734754,0.00134708547678593,0.011395888207932,0.00377967157913293,"SFTPD/SFTPB/SFTPA2/EDNRA/SFTPC/TNNC1",6
"BP","GO:0014075","response to amine","6/652","36/18842",0.166666666666667,4.81646216768916,4.33933739734754,0.00134708547678593,0.011395888207932,0.00377967157913293,"EDN1/RGS17/CDK1/EDNRA/SLC1A1/FOSB",6
"BP","GO:0015718","monocarboxylic acid transport","15/652","178/18842",0.0842696629213483,2.43528986006755,3.64255969722715,0.00136084546039016,0.0114907344211596,0.00381112920051214,"EDN1/FABP5/SLC2A1/MIF/CEACAM1/SLC16A3/PLA2G4A/CES1/ABCC3/SLC27A3/SLCO2A1/CRABP2/CD36/FABP4/PLA2G1B",15
"BP","GO:0015908","fatty acid transport","11/652","109/18842",0.100917431192661,2.91638993639894,3.79885648687253,0.00139223848348751,0.0117230938223561,0.00388819578881328,"EDN1/FABP5/SLC2A1/MIF/PLA2G4A/SLC27A3/SLCO2A1/CRABP2/CD36/FABP4/PLA2G1B",11
"BP","GO:0031100","animal organ regeneration","7/652","49/18842",0.142857142857143,4.12839614373357,4.15127159795085,0.0013961635357297,0.0117230938223561,0.00388819578881328,"GAS6/IL6/PTCH1/TGFBR3/CXCL12/SLC7A5/AURKA",7
"BP","GO:0048708","astrocyte differentiation","7/652","49/18842",0.142857142857143,4.12839614373357,4.15127159795085,0.0013961635357297,0.0117230938223561,0.00388819578881328,"IL6/LDLR/QKI/ZEB2/BMP2/AGER/C5AR1",7
"BP","GO:1990266","neutrophil migration","10/652","93/18842",0.10752688172043,3.10739494689623,3.85707227802305,0.00140204592099525,0.0117506041965941,0.00389732014820864,"EMP2/EDN1/MDK/PECAM1/SLIT2/PERP/C5AR1/CXCL13/PLA2G1B/CXCL3",10
"BP","GO:0031400","negative regulation of protein modification process","16/652","197/18842",0.0812182741116751,2.34710846750335,3.59843703893876,0.00140894404936064,0.0117865096819427,0.00390922891214446,"CDKN2A/CEACAM1/CDK1/CAPN3/FBLN1/IL7R/FXYD1/GPRC5A/SLIT2/ARRB1/FRY/CAV1/ADARB1/IGFBP3/SFN/MAD2L1",16
"BP","GO:0006936","muscle contraction","25/652","375/18842",0.0666666666666667,1.92658486707566,3.43132682493838,0.00142281020026133,0.0118279269133932,0.00392296575562198,"NMU/SYNM/EDN1/DSG2/MYLK/MYH11/ADRB2/ENO1/CACNA2D2/FXYD1/LMOD1/EDNRA/CNN1/NEDD4L/DSP/DES/DOCK4/CRYAB/CAV1/EDNRB/ATP2A2/MYL9/TNNC1/SULF1/DMD",25
"BP","GO:0001890","placenta development","8/652","63/18842",0.126984126984127,3.6696854610965,4.01840368336382,0.00142365212429723,0.0118279269133932,0.00392296575562198,"MME/ADGRG6/PHLDA2/SPP1/HEY1/PTN/FGFR2/TPPP3",8
"BP","GO:0032731","positive regulation of interleukin-1 beta production","8/652","63/18842",0.126984126984127,3.6696854610965,4.01840368336382,0.00142365212429723,0.0118279269133932,0.00392296575562198,"IL6/AGER/F2RL1/TYROBP/EGR1/LPL/CD36/INAVA",8
"BP","GO:0044771","meiotic cell cycle phase transition","4/652","15/18842",0.266666666666667,7.70633946830266,4.91926280244384,0.00142963410241723,0.0118279269133932,0.00392296575562198,"TTK/ZWINT/NDC80/CDC20",4
"BP","GO:0048714","positive regulation of oligodendrocyte differentiation","4/652","15/18842",0.266666666666667,7.70633946830266,4.91926280244384,0.00142963410241723,0.0118279269133932,0.00392296575562198,"MDK/QKI/MYRF/PTN",4
"BP","GO:0072574","hepatocyte proliferation","4/652","15/18842",0.266666666666667,7.70633946830266,4.91926280244384,0.00142963410241723,0.0118279269133932,0.00392296575562198,"IL6/MDK/CEACAM1/PTN",4
"BP","GO:0003272","endocardial cushion formation","5/652","25/18842",0.2,5.77975460122699,4.52751434433182,0.00145971656906407,0.0119969387385395,0.00397902186817655,"TGFBR2/BMP2/TBX3/ENG/TBX2",5
"BP","GO:0060037","pharyngeal system development","5/652","25/18842",0.2,5.77975460122699,4.52751434433182,0.00145971656906407,0.0119969387385395,0.00397902186817655,"FOLR1/EDN1/PTCH1/EDNRA/TBX2",5
"BP","GO:0060045","positive regulation of cardiac muscle cell proliferation","5/652","25/18842",0.2,5.77975460122699,4.52751434433182,0.00145971656906407,0.0119969387385395,0.00397902186817655,"TGFBR3/CDK1/CCNB1/FGFR2/TBX2",5
"BP","GO:0055006","cardiac cell development","9/652","78/18842",0.115384615384615,3.33447380840019,3.91140708470452,0.00146070511587008,0.0119969387385395,0.00397902186817655,"EDN1/MYH11/MEIS1/TGFBR3/CDK1/TBX3/NEBL/CCNB1/FHL2",9
"BP","GO:0060047","heart contraction","18/652","236/18842",0.076271186440678,2.20414370385775,3.52425427722208,0.00149652056269616,0.0122687476676309,0.00406917267217671,"NMU/EDN1/DSG2/ADRB2/FXYD1/GATA6/EDNRA/SLC1A1/NEDD4L/DSP/DES/CAV1/AGTR2/EDNRB/ATP2A2/TNNC1/TBX2/DMD",18
"BP","GO:1901989","positive regulation of cell cycle phase transition","11/652","110/18842",0.1,2.8898773006135,3.76354661783026,0.00149976980776524,0.0122730708951243,0.00407060655602928,"RGCC/DLGAP5/RRM2/CDK1/BIRC5/UBE2C/EZH2/ADAMTS1/CCNB1/CDC20/TBX2",11
"BP","GO:1905897","regulation of response to endoplasmic reticulum stress","10/652","94/18842",0.106382978723404,3.07433755384415,3.81702766284802,0.00152145097306176,0.0124279391984338,0.00412197169000105,"AKT3/PMAIP1/CLU/WFS1/PPP1R15A/MAGEA3/CAV1/PIK3R1/AGR2/ALOX5",10
"BP","GO:0060043","regulation of cardiac muscle cell proliferation","6/652","37/18842",0.162162162162162,4.68628751450837,4.24925526870004,0.00156145606244405,0.0126857754694779,0.00420748818577155,"RBP4/TGFBR3/CDK1/CCNB1/FGFR2/TBX2",6
"BP","GO:0060688","regulation of morphogenesis of a branching structure","6/652","37/18842",0.162162162162162,4.68628751450837,4.24925526870004,0.00156145606244405,0.0126857754694779,0.00420748818577155,"MDK/LGR4/FGFR2/AGTR2/GREM1/SULF1",6
"BP","GO:0090050","positive regulation of cell migration involved in sprouting angiogenesis","6/652","37/18842",0.162162162162162,4.68628751450837,4.24925526870004,0.00156145606244405,0.0126857754694779,0.00420748818577155,"SRPX2/GATA2/AKT3/TGFBR3/JCAD/GREM1",6
"BP","GO:0031099","regeneration","13/652","145/18842",0.0896551724137931,2.5909244764121,3.64088552057674,0.00159900498536904,0.0129211055742423,0.00428554006663093,"FOLR1/GAS6/IL6/MDK/PTCH1/TGFBR3/CAPN3/CXCL12/SLC7A5/AURKA/SPP1/PTN/CCNB1",13
"BP","GO:0046209","nitric oxide metabolic process","9/652","79/18842",0.113924050632911,3.29226527917993,3.86533114150538,0.00159901905309984,0.0129211055742423,0.00428554006663093,"HBB/EDN1/NQO1/CX3CR1/CLU/KLF2/KLF4/CD36/CAV1",9
"BP","GO:0070664","negative regulation of leukocyte proliferation","9/652","79/18842",0.113924050632911,3.29226527917993,3.86533114150538,0.00159901905309984,0.0129211055742423,0.00428554006663093,"TNFRSF21/CDKN2A/HLA-E/SFTPD/VSIG4/MNDA/TYROBP/IL33/GREM1",9
"BP","GO:1903522","regulation of blood circulation","19/652","257/18842",0.0739299610894942,2.13648516387768,3.47302950385198,0.00161130801391804,0.0129971159834641,0.00431075042129676,"NMU/EDN1/DSG2/SVEP1/ADRB2/AGER/FXYD1/EDNRA/SLC1A1/DSP/DES/AGTR1/DOCK4/CAV1/AGTR2/EDNRB/ATP2A2/TBX2/DMD",19
"BP","GO:0001667","ameboidal-type cell migration","16/652","200/18842",0.08,2.3119018404908,3.53125849945,0.0016476899593326,0.0131830457188047,0.00437241769317235,"MMP9/FOLR1/EDN1/HYAL2/GPC3/ZEB2/SEMA3G/SEMA6A/TNS1/SASH1/EDNRA/MACF1/HBEGF/KANK2/TIMP1/SEMA5A",16
"BP","GO:0007623","circadian rhythm","16/652","200/18842",0.08,2.3119018404908,3.53125849945,0.0016476899593326,0.0131830457188047,0.00437241769317235,"NMU/NTRK2/ID4/GFPT1/CDK1/PER1/EGR1/EZH2/LGR4/ID3/TOP2A/KLF9/SLC6A4/PTGDS/CLDN4/ID1",16
"BP","GO:0018958","phenol-containing compound metabolic process","10/652","95/18842",0.105263157894737,3.04197610590894,3.77751321197788,0.00164897710920511,0.0131830457188047,0.00437241769317235,"MAOA/HPRT1/ALDH2/ZEB2/CDH3/KL/EDNRA/SLC1A1/NPR1/DUOX1",10
"BP","GO:0032602","chemokine production","10/652","95/18842",0.105263157894737,3.04197610590894,3.77751321197788,0.00164897710920511,0.0131830457188047,0.00437241769317235,"IL6/MIF/AGER/F2RL1/KLF4/EGR1/LPL/IL33/ACKR1/IL1RL1",10
"BP","GO:0032642","regulation of chemokine production","10/652","95/18842",0.105263157894737,3.04197610590894,3.77751321197788,0.00164897710920511,0.0131830457188047,0.00437241769317235,"IL6/MIF/AGER/F2RL1/KLF4/EGR1/LPL/IL33/ACKR1/IL1RL1",10
"BP","GO:1901873","regulation of post-translational protein modification","17/652","219/18842",0.0776255707762557,2.24328374933468,3.50370002319085,0.0016579398908025,0.0132312406506699,0.00438840249496275,"ANGPT1/CDKN2A/CDK1/CAPN3/UBE2S/SASH1/EPAS1/WFS1/EGR1/UBE2C/ARRB1/FAM107A/CAV1/FOXF2/INAVA/CDC20/MAD2L1",17
"BP","GO:0046718","symbiont entry into host cell","12/652","129/18842",0.0930232558139535,2.68825795405907,3.64268295857382,0.00174506394715491,0.0138455875888566,0.00459216280040129,"GAS6/LDLR/MYH10/HYAL2/CD55/CDK1/MRC1/CAV2/AGTR1/TMPRSS4/CAV1/EFNB2",12
"BP","GO:0032722","positive regulation of chemokine production","8/652","65/18842",0.123076923076923,3.55677206229353,3.90926409271987,0.00174677906312557,0.0138455875888566,0.00459216280040129,"IL6/MIF/AGER/F2RL1/EGR1/LPL/IL33/IL1RL1",8
"BP","GO:0003171","atrioventricular valve development","5/652","26/18842",0.192307692307692,5.55745634733365,4.40255674612547,0.00175641519202173,0.0138455875888566,0.00459216280040129,"TGFBR2/BMP2/HEY1/SOX4/SMAD6",5
"BP","GO:0033622","integrin activation","5/652","26/18842",0.192307692307692,5.55745634733365,4.40255674612547,0.00175641519202173,0.0138455875888566,0.00459216280040129,"RASIP1/CXCL12/PTGER4/CXCL13/FERMT2",5
"BP","GO:0033687","osteoblast proliferation","5/652","26/18842",0.192307692307692,5.55745634733365,4.40255674612547,0.00175641519202173,0.0138455875888566,0.00459216280040129,"NPR3/BMP2/FBLN5/FGFR2/GREM1",5
"BP","GO:0036296","response to increased oxygen levels","5/652","26/18842",0.192307692307692,5.55745634733365,4.40255674612547,0.00175641519202173,0.0138455875888566,0.00459216280040129,"COL1A1/LCN2/SLC7A5/CAT/CAV1",5
"BP","GO:0090594","inflammatory response to wounding","5/652","26/18842",0.192307692307692,5.55745634733365,4.40255674612547,0.00175641519202173,0.0138455875888566,0.00459216280040129,"IL6/DSG2/MDK/IL33/ALOX5",5
"BP","GO:0009880","embryonic pattern specification","7/652","51/18842",0.137254901960784,3.96649825574402,4.01618456014842,0.00177298619445786,0.0138791575534905,0.00460329694272735,"CHRDL1/PTCH1/MEIS1/TBX3/MEIS2/FGFR2/SMAD6",7
"BP","GO:0045778","positive regulation of ossification","7/652","51/18842",0.137254901960784,3.96649825574402,4.01618456014842,0.00177298619445786,0.0138791575534905,0.00460329694272735,"TFAP2A/ZBTB16/GPM6B/BMP2/KL/PTN/ALOX5",7
"BP","GO:0071385","cellular response to glucocorticoid stimulus","7/652","51/18842",0.137254901960784,3.96649825574402,4.01618456014842,0.00177298619445786,0.0138791575534905,0.00460329694272735,"EDN1/SRD5A1/ZFP36/KLF9/FAM107A/AQP1/TBX2",7
"BP","GO:1904707","positive regulation of vascular associated smooth muscle cell proliferation","7/652","51/18842",0.137254901960784,3.96649825574402,4.01618456014842,0.00177298619445786,0.0138791575534905,0.00460329694272735,"MMP9/RGCC/EDN1/HPGD/NR4A3/ADAMTS1/FGFR2",7
"BP","GO:0060395","SMAD protein signal transduction","10/652","96/18842",0.104166666666667,3.01028885480573,3.738515608545,0.00178502477823566,0.013925046237136,0.0046185168317096,"TGFBR2/WWTR1/TTK/TGFBR3/FOS/BMP2/ENG/GDF15/GREM1/SMAD6",10
"BP","GO:1901655","cellular response to ketone","10/652","96/18842",0.104166666666667,3.01028885480573,3.738515608545,0.00178502477823566,0.013925046237136,0.0046185168317096,"GAS6/SRD5A1/FOS/PTGER4/POSTN/SPP1/FBP1/KLF9/AQP1/TBX2",10
"BP","GO:0055010","ventricular cardiac muscle tissue morphogenesis","6/652","38/18842",0.157894736842105,4.56296415886342,4.16234001175066,0.0018008072193899,0.0140239028535908,0.00465130458259006,"TGFBR3/EDNRA/DSP/ENG/FGFR2/TNNC1",6
"BP","GO:0002700","regulation of production of molecular mediator of immune response","13/652","147/18842",0.0884353741496599,2.55567380326364,3.58487398678362,0.00180882806799834,0.0140620788941457,0.00466396642104061,"GPI/IL6/IRAK3/HLA-E/MIF/CD55/RBP4/F2RL1/NR4A3/SLC7A5/IL33/PGC/INAVA",13
"BP","GO:0120254","olefinic compound metabolic process","14/652","165/18842",0.0848484848484849,2.45201710355085,3.54666008949491,0.00181987613044488,0.014123616991697,0.0046843767474763,"SRD5A1/HSD17B6/CYP2B6/RBP4/ALDH1A1/BMP2/PLA2G4A/DKK3/CES1/EGR1/PTGDS/EDNRB/ADH1B/ALOX5",14
"BP","GO:0035809","regulation of urine volume","4/652","16/18842",0.25,7.22469325153374,4.71583218182457,0.00185439936402036,0.0143668156913536,0.00476503840336499,"NPR3/HYAL2/NPR1/EDNRB",4
"BP","GO:0045471","response to ethanol","12/652","130/18842",0.0923076923076923,2.66757904672015,3.61208053188726,0.00186363243445999,0.0144135825848716,0.00478054956801042,"CLDN5/RBP4/CDK1/FOS/HPGD/CDO1/CLDN18/CAT/FGFR2/GABBR1/FOSB/CLDN3",12
"BP","GO:0090049","regulation of cell migration involved in sprouting angiogenesis","9/652","81/18842",0.111111111111111,3.21097477845944,3.77535442862331,0.00190712250284245,0.0146995134449857,0.00487538418957315,"SRPX2/GATA2/AKT3/MMRN2/STARD13/TGFBR3/JCAD/KLF4/GREM1",9
"BP","GO:2001057","reactive nitrogen species metabolic process","9/652","81/18842",0.111111111111111,3.21097477845944,3.77535442862331,0.00190712250284245,0.0146995134449857,0.00487538418957315,"HBB/EDN1/NQO1/CX3CR1/CLU/KLF2/KLF4/CD36/CAV1",9
"BP","GO:0045123","cellular extravasation","8/652","66/18842",0.121212121212121,3.50288157650121,3.85629415481065,0.001928703560527,0.0148152033294995,0.00491375502653747,"MDK/CX3CR1/PECAM1/CXCL12/AGER/PTGER4/LYVE1/JAM2",8
"BP","GO:0140962","multicellular organismal-level chemical homeostasis","8/652","66/18842",0.121212121212121,3.50288157650121,3.85629415481065,0.001928703560527,0.0148152033294995,0.00491375502653747,"ADCY9/SFTPD/ADGRF5/HYAL2/ABCA3/WFS1/AQP4/AQP1",8
"BP","GO:0050767","regulation of neurogenesis","20/652","281/18842",0.0711743772241993,2.05685217125516,3.37929527967674,0.00193419134131567,0.0148320897244768,0.00491935573321387,"MME/IL6/LDLR/TRPV2/NTRK2/MDK/CX3CR1/QKI/MYRF/SEMA3G/BMP2/CXCL12/SLC7A5/CDH1/SLIT2/SPP1/HEY1/PTN/MACF1/SEMA5A",20
"BP","GO:0032868","response to insulin","18/652","242/18842",0.0743801652892562,2.14949551285301,3.40735916457959,0.00197614869956267,0.0151281060888423,0.00501753541161502,"COL1A1/SRD5A1/SLC2A1/AKT3/PDK4/CEACAM1/FOS/PID1/KAT2B/GCLC/EGR1/CAV2/FBP1/CAT/SORBS1/PLA2G1B/PIK3R1/GHR",18
"BP","GO:0030099","myeloid cell differentiation","24/652","364/18842",0.0659340659340659,1.90541360480011,3.30239980145274,0.00203054697539739,0.0155181971390963,0.00514691681910312,"HBB/MMP9/HBA1/TGFBR2/GATA2/MEIS1/QKI/CEACAM1/ZBTB16/TGFBR3/BMP2/F2RL1/TYROBP/EPAS1/HOXA5/NEDD9/ZFP36/IL33/UBD/SNRK/MEIS2/TAL1/HBA2/IL1RL1",24
"BP","GO:0070633","transepithelial transport","6/652","39/18842",0.153846153846154,4.44596507786692,4.07839255668575,0.00206695506623303,0.0157697130180114,0.00523033703189308,"EDN1/SLC1A1/CLDN18/AQP1/EDNRB/CLDN3",6
"BP","GO:0090100","positive regulation of transmembrane receptor protein serine/threonine kinase signaling pathway","10/652","98/18842",0.102040816326531,2.94885438838112,3.6620200225211,0.00208433964290212,0.0158754855571717,0.00526541858524129,"TGFBR2/TTK/TGFBR3/ZEB2/BMP2/CDH5/CDKN1C/ENG/ZNF423/SULF1",10
"BP","GO:0060055","angiogenesis involved in wound healing","5/652","27/18842",0.185185185185185,5.35162463076573,4.28391278062282,0.00209500191051437,0.0159029690479954,0.00527453402822094,"MCAM/GATA2/CD34/NDNF/ALOX5",5
"BP","GO:1900745","positive regulation of p38MAPK cascade","5/652","27/18842",0.185185185185185,5.35162463076573,4.28391278062282,0.00209500191051437,0.0159029690479954,0.00527453402822094,"BMP2/AGER/SASH1/GADD45B/STK39",5
"BP","GO:0030239","myofibril assembly","8/652","67/18842",0.119402985074627,3.45059976192656,3.80433925556787,0.00212523215196202,0.016105330711255,0.00534165127378991,"EDN1/MYH11/KRT19/CAPN3/LMOD1/NEBL/KRT8/MYL9",8
"BP","GO:0070555","response to interleukin-1","11/652","115/18842",0.0956521739130435,2.76423046145639,3.59277114810439,0.00214430326829387,0.0161954161419381,0.00537152988753498,"CHI3L1/IL6/EDN1/HYAL1/IRAK3/LCN2/HYAL2/KLF2/GCLC/EGR1/GHR",11
"BP","GO:1904064","positive regulation of cation transmembrane transport","11/652","115/18842",0.0956521739130435,2.76423046145639,3.59277114810439,0.00214430326829387,0.0161954161419381,0.00537152988753498,"FHL1/EDN1/LCN2/KCNN4/CAPN3/FXYD1/EDNRA/STK39/CAV1/PLA2G1B/FXYD6",11
"BP","GO:0051701","biological process involved in interaction with host","14/652","168/18842",0.0833333333333333,2.40823108384458,3.47111748306575,0.00215387655989638,0.0162405174056401,0.00538648861312855,"GAS6/LDLR/MYH10/HYAL2/CD55/CDK1/MRC1/FBLN1/MUC5B/CAV2/AGTR1/TMPRSS4/CAV1/EFNB2",14
"BP","GO:0031341","regulation of cell killing","10/652","99/18842",0.101010101010101,2.91906798041767,3.62449768862585,0.00224846040942889,0.0169253889584556,0.00561363980102204,"CX3CR1/HLA-E/CD55/CEACAM1/CLU/AGER/F2RL1/TYROBP/CADM1/DNASE1L3",10
"BP","GO:0032612","interleukin-1 production","12/652","133/18842",0.0902255639097744,2.60740809077909,3.52197367977465,0.00225958859384357,0.0169525540260244,0.00562264963263513,"GAS6/IL6/CX3CR1/IGHD/CEACAM1/AGER/F2RL1/TYROBP/EGR1/LPL/CD36/INAVA",12
"BP","GO:0032652","regulation of interleukin-1 production","12/652","133/18842",0.0902255639097744,2.60740809077909,3.52197367977465,0.00225958859384357,0.0169525540260244,0.00562264963263513,"GAS6/IL6/CX3CR1/IGHD/CEACAM1/AGER/F2RL1/TYROBP/EGR1/LPL/CD36/INAVA",12
"BP","GO:0046683","response to organophosphorus","11/652","116/18842",0.0948275862068965,2.7404008885128,3.55971480263854,0.00229685833283153,0.01717563597412,0.00569663917023412,"COL1A1/SRD5A1/FOS/PER1/CDO1/FBP1/DUOX1/DUSP1/SLC6A4/AQP1/FOSB",11
"BP","GO:0051494","negative regulation of cytoskeleton organization","13/652","151/18842",0.0860927152317881,2.48797383496526,3.47557706360171,0.00229694133785637,0.01717563597412,0.00569663917023412,"SPTBN1/TPX2/GMFG/KANK3/S1PR1/CDH5/LMOD1/KAT2B/SLIT2/KANK2/DLC1/PIK3R1/ARHGAP6",13
"BP","GO:0002720","positive regulation of cytokine production involved in immune response","8/652","68/18842",0.117647058823529,3.39985564778058,3.75336320521623,0.00233716150191112,0.0173438889663609,0.00575244360085623,"IL6/HLA-E/MIF/CD55/F2RL1/NR4A3/SLC7A5/INAVA",8
"BP","GO:0010224","response to UV-B","4/652","17/18842",0.235294117647059,6.79971129556117,4.52921322423547,0.00235919276270282,0.0173438889663609,0.00575244360085623,"MME/MFAP4/HYAL1/HYAL2",4
"BP","GO:0033623","regulation of integrin activation","4/652","17/18842",0.235294117647059,6.79971129556117,4.52921322423547,0.00235919276270282,0.0173438889663609,0.00575244360085623,"RASIP1/PTGER4/CXCL13/FERMT2",4
"BP","GO:0061318","renal filtration cell differentiation","4/652","17/18842",0.235294117647059,6.79971129556117,4.52921322423547,0.00235919276270282,0.0173438889663609,0.00575244360085623,"EDN1/CD24/EDNRA/PODXL",4
"BP","GO:0072112","podocyte differentiation","4/652","17/18842",0.235294117647059,6.79971129556117,4.52921322423547,0.00235919276270282,0.0173438889663609,0.00575244360085623,"EDN1/CD24/EDNRA/PODXL",4
"BP","GO:0072567","chemokine (C-X-C motif) ligand 2 production","4/652","17/18842",0.235294117647059,6.79971129556117,4.52921322423547,0.00235919276270282,0.0173438889663609,0.00575244360085623,"MIF/F2RL1/KLF4/LPL",4
"BP","GO:2000341","regulation of chemokine (C-X-C motif) ligand 2 production","4/652","17/18842",0.235294117647059,6.79971129556117,4.52921322423547,0.00235919276270282,0.0173438889663609,0.00575244360085623,"MIF/F2RL1/KLF4/LPL",4
"BP","GO:0046686","response to cadmium ion","6/652","40/18842",0.15,4.33481595092025,3.99723116446247,0.00236175378694734,0.0173438889663609,0.00575244360085623,"GPI/SLC39A8/CDK1/MT1M/GCLC/CAT",6
"BP","GO:0071398","cellular response to fatty acid","6/652","40/18842",0.15,4.33481595092025,3.99723116446247,0.00236175378694734,0.0173438889663609,0.00575244360085623,"EDN1/LDLR/PDK4/PID1/LPL/CCNB1",6
"BP","GO:1904994","regulation of leukocyte adhesion to vascular endothelial cell","6/652","40/18842",0.15,4.33481595092025,3.99723116446247,0.00236175378694734,0.0173438889663609,0.00575244360085623,"IL6/MDK/CXCL12/KLF4/EFNB2/ALOX5",6
"BP","GO:1990776","response to angiotensin","6/652","40/18842",0.15,4.33481595092025,3.99723116446247,0.00236175378694734,0.0173438889663609,0.00575244360085623,"CA2/KL/AGTR1/CAV1/AGTR2/COL3A1",6
"BP","GO:0046394","carboxylic acid biosynthetic process","22/652","327/18842",0.0672782874617737,1.94425995759929,3.26109172630743,0.00239318068089603,0.0175461003092036,0.00581951098968767,"NME1/EDN1/FABP5/GGTLC1/ACACB/PDK4/MIF/CEACAM1/ALDH1A1/ALOX5AP/PLA2G4A/CES1/SHMT2/CDO1/KAT2B/LPL/FGFR4/PLA2G1B/MTHFD2/PTGDS/ACADL/ALOX5",22
"BP","GO:0044409","symbiont entry into host","12/652","134/18842",0.0895522388059701,2.58794982144492,3.49248795085809,0.00240589899298517,0.0175821694641331,0.00583147403787512,"GAS6/LDLR/MYH10/HYAL2/CD55/CDK1/MRC1/CAV2/AGTR1/TMPRSS4/CAV1/EFNB2",12
"BP","GO:1990138","neuron projection extension","12/652","134/18842",0.0895522388059701,2.58794982144492,3.49248795085809,0.00240589899298517,0.0175821694641331,0.00583147403787512,"NRN1/EDN1/TRPV2/SEMA3G/CXCL12/CDH1/EDNRA/FLRT3/NEDD4L/SLIT2/MACF1/SEMA5A",12
"BP","GO:0070252","actin-mediated cell contraction","11/652","117/18842",0.094017094017094,2.71697865869645,3.52700713238687,0.00245809070659243,0.0179345161747982,0.0059483367890712,"EMP2/DSG2/QKI/ADRB2/ZEB2/NEDD4L/DSP/LIMCH1/CAV1/ATP2A2/TNNC1",11
"BP","GO:0008544","epidermis development","20/652","287/18842",0.0696864111498258,2.01385177743101,3.27675792922643,0.00247334878554435,0.0180128167887593,0.00597430673540777,"EMP1/SCEL/FABP5/CCN2/SVEP1/KRT15/CDH3/GATA6/KLF4/DSP/ZFP36/ZBED2/CRABP2/FGFR2/MAFF/ATP2A2/CLDN4/SFN/ST14/KAZN",20
"BP","GO:0048713","regulation of oligodendrocyte differentiation","5/652","28/18842",0.178571428571429,5.16049517966696,4.17102595294416,0.00247880524629526,0.0180128167887593,0.00597430673540777,"TNFRSF21/MDK/QKI/MYRF/PTN",5
"BP","GO:0055021","regulation of cardiac muscle tissue growth","7/652","54/18842",0.12962962962963,3.74613724153601,3.82594097041431,0.0024808071026435,0.0180128167887593,0.00597430673540777,"EDN1/RBP4/TGFBR3/CDK1/CCNB1/FGFR2/TBX2",7
"BP","GO:0010038","response to metal ion","21/652","308/18842",0.0681818181818182,1.97037088678193,3.25078285306747,0.00253786442925561,0.0183974770281568,0.00610188690712805,"GPI/SLC39A8/EDN1/LCN2/TFAP2A/CDK1/CAPN3/ALOX5AP/MT1M/KCNK3/CDH1/GCLC/FBP1/DUSP1/CAT/CCNB1/STK39/CAV1/AQP1/ECT2/TNNC1",21
"BP","GO:0030509","BMP signaling pathway","13/652","153/18842",0.0849673202614379,2.45545130117487,3.42223465799342,0.00257879854203585,0.0186642096726158,0.00619035406099036,"SOSTDC1/CHRDL1/TMEM100/TGFBR3/BMP2/CDH5/ENG/CAV1/CRIM1/GREM1/ZNF423/SMAD6/SULF1",13
"BP","GO:0032231","regulation of actin filament bundle assembly","10/652","101/18842",0.099009900990099,2.86126465407277,3.55084618272127,0.00260783898189691,0.0188441441816878,0.0062500328975703,"RGCC/SYNPO/CCN2/S1PR1/PTGER4/LIMCH1/DLC1/PIK3R1/ARHGAP6/FERMT2",10
"BP","GO:1903829","positive regulation of protein localization","28/652","457/18842",0.0612691466083151,1.7706031601133,3.15730466803859,0.00263354791129986,0.0189994680512817,0.00630154912910515,"NMU/GAS6/SPTBN1/EDN1/DSG2/CDKN2A/MYH10/WWTR1/PECAM1/HYAL2/RBP4/CDK1/EPB41L2/F2RL1/RAMP3/ABCG1/CDH1/TYROBP/DSP/NEDD9/SORBS1/PLA2G1B/ECT2/PIK3R1/FERMT2/SOX4/SFN/AGR2",28
"BP","GO:1900182","positive regulation of protein localization to nucleus","9/652","85/18842",0.105882352941176,3.05987008300253,3.60352074716758,0.00266494745224369,0.0191952844443559,0.00636649550644111,"EDN1/CDKN2A/WWTR1/HYAL2/CDK1/CDH1/ECT2/PIK3R1/FERMT2",9
"BP","GO:0006937","regulation of muscle contraction","14/652","172/18842",0.0813953488372093,2.35222570980168,3.37287834048617,0.00267657790310611,0.0192483090352559,0.00638408216011507,"NMU/EDN1/DSG2/ADRB2/ENO1/CACNA2D2/CNN1/DSP/DOCK4/CAV1/ATP2A2/MYL9/TNNC1/DMD",14
"BP","GO:0030501","positive regulation of bone mineralization","6/652","41/18842",0.146341463414634,4.22908873260512,3.91868952496062,0.00268709094398468,0.0192931418255206,0.00639895184118641,"TFAP2A/GPM6B/BMP2/KL/PTN/ALOX5",6
"BP","GO:1901988","negative regulation of cell cycle phase transition","19/652","269/18842",0.0706319702602231,2.04117727552626,3.25626105062914,0.00269942477070945,0.0193508844056103,0.0064181033092325,"RGCC/FHL1/BUB1B/TTK/ZWINT/CDK1/NDC80/TRIP13/BIRC5/KLF4/CENPF/DUSP1/BUB1/CCNB1/FAM107A/KANK2/CDC20/RFC4/MAD2L1",19
"BP","GO:0008608","attachment of spindle microtubules to kinetochore","7/652","55/18842",0.127272727272727,3.67802565532627,3.76553582146552,0.002759461567861,0.0196873610909577,0.00652970245283967,"CDK1/NDC80/KAT2B/BIRC5/CCNB1/NEK2/ECT2",7
"BP","GO:0034332","adherens junction organization","7/652","55/18842",0.127272727272727,3.67802565532627,3.76553582146552,0.002759461567861,0.0196873610909577,0.00652970245283967,"CDH3/RAMP2/CDH5/CDH1/EFNB2/INAVA/FERMT2",7
"BP","GO:1902895","positive regulation of miRNA transcription","7/652","55/18842",0.127272727272727,3.67802565532627,3.76553582146552,0.002759461567861,0.0196873610909577,0.00652970245283967,"IL6/GATA2/FOS/BMP2/KLF4/EGR1/SMAD6",7
"BP","GO:0016053","organic acid biosynthetic process","22/652","331/18842",0.0664652567975831,1.92076436898782,3.19968322596317,0.0027759205434135,0.0197488432639058,0.0065500942307753,"NME1/EDN1/FABP5/GGTLC1/ACACB/PDK4/MIF/CEACAM1/ALDH1A1/ALOX5AP/PLA2G4A/CES1/SHMT2/CDO1/KAT2B/LPL/FGFR4/PLA2G1B/MTHFD2/PTGDS/ACADL/ALOX5",22
"BP","GO:0043009","chordate embryonic development","17/652","230/18842",0.0739130434782609,2.13599626567085,3.28173661756329,0.00277683890647955,0.0197488432639058,0.0065500942307753,"FOXF1/FOLR1/COL1A1/EDN1/TGFBR2/TFAP2A/PTCH1/RBP4/BMP2/EDNRA/DSP/HEY1/FGFR2/DLC1/TBX2/COL3A1/SULF1",17
"BP","GO:1901987","regulation of cell cycle phase transition","28/652","459/18842",0.0610021786492375,1.76288811366401,3.13269721235566,0.00280065308641997,0.0198318380222488,0.00657762108288216,"RGCC/FHL1/CDKN2A/BUB1B/DLGAP5/TTK/ZWINT/RRM2/CDK1/NDC80/TRIP13/BIRC5/KLF4/AURKA/UBE2C/CENPF/EZH2/ADAMTS1/UBD/DUSP1/BUB1/CCNB1/FAM107A/KANK2/CDC20/RFC4/TBX2/MAD2L1",28
"BP","GO:0034767","positive regulation of monoatomic ion transmembrane transport","11/652","119/18842",0.092436974789916,2.6713151518276,3.46260965444557,0.00280801870450975,0.0198318380222488,0.00657762108288216,"FHL1/EDN1/LCN2/KCNN4/CAPN3/FXYD1/EDNRA/STK39/CAV1/PLA2G1B/FXYD6",11
"BP","GO:0006801","superoxide metabolic process","8/652","70/18842",0.114285714285714,3.30271691498685,3.6542118490977,0.00281049999916101,0.0198318380222488,0.00657762108288216,"EDN1/NQO1/FBLN5/F2RL1/TYROBP/SLC1A1/DUOX1/CD36",8
"BP","GO:0007080","mitotic metaphase chromosome alignment","8/652","70/18842",0.114285714285714,3.30271691498685,3.6542118490977,0.00281049999916101,0.0198318380222488,0.00657762108288216,"CENPA/H3-3B/TTK/CDK1/NDC80/KAT2B/BIRC5/CCNB1",8
"BP","GO:0055013","cardiac muscle cell development","8/652","70/18842",0.114285714285714,3.30271691498685,3.6542118490977,0.00281049999916101,0.0198318380222488,0.00657762108288216,"EDN1/MYH11/MEIS1/CDK1/TBX3/NEBL/CCNB1/FHL2",8
"BP","GO:0014002","astrocyte development","5/652","29/18842",0.172413793103448,4.98254707002327,4.06340688177862,0.00291117729554866,0.0204781566702479,0.00679198543784356,"IL6/LDLR/ZEB2/AGER/C5AR1",5
"BP","GO:0045687","positive regulation of glial cell differentiation","5/652","29/18842",0.172413793103448,4.98254707002327,4.06340688177862,0.00291117729554866,0.0204781566702479,0.00679198543784356,"MDK/QKI/MYRF/BMP2/PTN",5
"BP","GO:0014829","vascular associated smooth muscle contraction","4/652","18/18842",0.222222222222222,6.42194955691888,4.35707656222556,0.00295105655831454,0.020566173139784,0.00682117783972847,"EDN1/EDNRA/DOCK4/EDNRB",4
"BP","GO:0051447","negative regulation of meiotic cell cycle","4/652","18/18842",0.222222222222222,6.42194955691888,4.35707656222556,0.00295105655831454,0.020566173139784,0.00682117783972847,"TTK/ZWINT/TRIP13/DUSP1",4
"BP","GO:0055093","response to hyperoxia","4/652","18/18842",0.222222222222222,6.42194955691888,4.35707656222556,0.00295105655831454,0.020566173139784,0.00682117783972847,"COL1A1/SLC7A5/CAT/CAV1",4
"BP","GO:0060973","cell migration involved in heart development","4/652","18/18842",0.222222222222222,6.42194955691888,4.35707656222556,0.00295105655831454,0.020566173139784,0.00682117783972847,"FOLR1/EDN1/EDNRA/FLRT3",4
"BP","GO:0072311","glomerular epithelial cell differentiation","4/652","18/18842",0.222222222222222,6.42194955691888,4.35707656222556,0.00295105655831454,0.020566173139784,0.00682117783972847,"EDN1/CD24/EDNRA/PODXL",4
"BP","GO:1900424","regulation of defense response to bacterium","4/652","18/18842",0.222222222222222,6.42194955691888,4.35707656222556,0.00295105655831454,0.020566173139784,0.00682117783972847,"MMRN2/F2RL1/DUOX1/PGC",4
"BP","GO:0019218","regulation of steroid metabolic process","10/652","103/18842",0.0970873786407767,2.80570611710048,3.47897973627194,0.00301179581349392,0.0208925958816063,0.0069294423942359,"LDLR/QKI/BMP2/DKK3/ABCG1/CES1/EGR1/AGTR1/FGFR4/ACADL",10
"BP","GO:1990868","response to chemokine","10/652","103/18842",0.0970873786407767,2.80570611710048,3.47897973627194,0.00301179581349392,0.0208925958816063,0.0069294423942359,"ENTREP1/EDN1/CX3CR1/CXCL12/CCL14/SLIT2/DUSP1/ACKR1/CXCL13/STK39",10
"BP","GO:1990869","cellular response to chemokine","10/652","103/18842",0.0970873786407767,2.80570611710048,3.47897973627194,0.00301179581349392,0.0208925958816063,0.0069294423942359,"ENTREP1/EDN1/CX3CR1/CXCL12/CCL14/SLIT2/DUSP1/ACKR1/CXCL13/STK39",10
"BP","GO:0050922","negative regulation of chemotaxis","6/652","42/18842",0.142857142857143,4.12839614373357,3.84261510469039,0.00304488269786084,0.0209982131754549,0.00696447245740787,"MIF/SLIT2/DUSP1/CXCL13/GREM1/SEMA5A",6
"BP","GO:1900271","regulation of long-term synaptic potentiation","6/652","42/18842",0.142857142857143,4.12839614373357,3.84261510469039,0.00304488269786084,0.0209982131754549,0.00696447245740787,"MME/AGER/TYROBP/NRGN/PTN/FAM107A",6
"BP","GO:2001238","positive regulation of extrinsic apoptotic signaling pathway","6/652","42/18842",0.142857142857143,4.12839614373357,3.84261510469039,0.00304488269786084,0.0209982131754549,0.00696447245740787,"HYAL2/PMAIP1/TNFSF10/ATF3/CAV1/AGTR2",6
"BP","GO:0071248","cellular response to metal ion","13/652","156/18842",0.0833333333333333,2.40823108384458,3.34377830981333,0.00305415124646244,0.0209982131754549,0.00696447245740787,"SLC39A8/EDN1/TFAP2A/CAPN3/ALOX5AP/MT1M/KCNK3/CDH1/FBP1/CCNB1/STK39/AQP1/ECT2",13
"BP","GO:0071478","cellular response to radiation","13/652","156/18842",0.0833333333333333,2.40823108384458,3.34377830981333,0.00305415124646244,0.0209982131754549,0.00696447245740787,"MME/MMP9/MFAP4/HYAL1/LCN2/HYAL2/MMP1/NET1/EGR1/CRYAB/AQP1/TIMP1/ECT2",13
"BP","GO:0003179","heart valve morphogenesis","7/652","56/18842",0.125,3.61234662576687,3.70652624414805,0.00306149870376444,0.0209982131754549,0.00696447245740787,"TGFBR2/BMP2/SLIT2/HEY1/TIE1/SOX4/SMAD6",7
"BP","GO:0031638","zymogen activation","7/652","56/18842",0.125,3.61234662576687,3.70652624414805,0.00306149870376444,0.0209982131754549,0.00696447245740787,"CLEC3B/PGK1/PLAU/ENO1/CFD/THBD/F8",7
"BP","GO:0030048","actin filament-based movement","12/652","138/18842",0.0869565217391304,2.51293678314217,3.37716672201787,0.00307039317391572,0.0209982131754549,0.00696447245740787,"EMP2/DSG2/MYH10/QKI/ADRB2/ZEB2/NEDD4L/DSP/LIMCH1/CAV1/ATP2A2/TNNC1",12
"BP","GO:0042310","vasoconstriction","8/652","71/18842",0.112676056338028,3.25619977533915,3.60597278153273,0.00307359075089826,0.0209982131754549,0.00696447245740787,"EDN1/SVEP1/EDNRA/AGTR1/DOCK4/CAV1/SLC6A4/EDNRB",8
"BP","GO:0050918","positive chemotaxis","8/652","71/18842",0.112676056338028,3.25619977533915,3.60597278153273,0.00307359075089826,0.0209982131754549,0.00696447245740787,"VEGFD/ANGPT1/MIF/S100A4/CXCL12/F2RL1/S1PR1/SEMA5A",8
"BP","GO:0030510","regulation of BMP signaling pathway","10/652","104/18842",0.0961538461538462,2.77872817366682,3.44369007922651,0.00323167497222663,0.0220115142745768,0.00730055379618315,"SOSTDC1/CHRDL1/CDH5/ENG/CAV1/CRIM1/GREM1/ZNF423/SMAD6/SULF1",10
"BP","GO:0120162","positive regulation of cold-induced thermogenesis","10/652","104/18842",0.0961538461538462,2.77872817366682,3.44369007922651,0.00323167497222663,0.0220115142745768,0.00730055379618315,"LEPR/TRPV2/FABP5/LCN2/ADRB2/EPAS1/CD36/CAV1/FABP4/ACADL",10
"BP","GO:0048709","oligodendrocyte differentiation","8/652","72/18842",0.111111111111111,3.21097477845944,3.55858483322048,0.00335544363402633,0.0228200533119528,0.00756872174978438,"TNFRSF21/NTRK2/MDK/QKI/CLU/MYRF/GPM6B/PTN",8
"BP","GO:0046824","positive regulation of nucleocytoplasmic transport","7/652","57/18842",0.12280701754386,3.54897212356044,3.64885274543634,0.00338816570921079,0.0230078903355895,0.0076310216115235,"GAS6/HYAL2/CDK1/CDH1/ECT2/PIK3R1/SFN",7
"BP","GO:0007423","sensory organ development","24/652","379/18842",0.0633245382585752,1.83000145685287,3.09034344888929,0.00341178213455136,0.0230964887250147,0.00766040701864204,"CHRDL1/EFEMP1/COL5A2/COL5A1/TFAP2A/GATA2/MEIS1/GPM6A/RBP4/ZEB2/FOS/BMP2/TBX3/KCNK3/EDNRA/SLC1A1/MEIS2/FGFR2/FOXF2/SOBP/SOX4/TBX2/DMD/CLDN3",24
"BP","GO:0001755","neural crest cell migration","6/652","43/18842",0.13953488372093,4.0323869310886,3.76886770621323,0.00343706895863493,0.0230964887250147,0.00766040701864204,"FOLR1/EDN1/SEMA3G/SEMA6A/EDNRA/SEMA5A",6
"BP","GO:0030574","collagen catabolic process","6/652","43/18842",0.13953488372093,4.0323869310886,3.76886770621323,0.00343706895863493,0.0230964887250147,0.00766040701864204,"MMP9/FAP/MMP1/MMP11/MMP7/MMP12",6
"BP","GO:0045840","positive regulation of mitotic nuclear division","6/652","43/18842",0.13953488372093,4.0323869310886,3.76886770621323,0.00343706895863493,0.0230964887250147,0.00766040701864204,"EDN1/DLGAP5/NUSAP1/AURKA/UBE2C/CDC20",6
"BP","GO:0055078","sodium ion homeostasis","6/652","43/18842",0.13953488372093,4.0323869310886,3.76886770621323,0.00343706895863493,0.0230964887250147,0.00766040701864204,"FXYD1/EDNRA/NPR1/AGTR1/EDNRB/FXYD6",6
"BP","GO:0072132","mesenchyme morphogenesis","6/652","43/18842",0.13953488372093,4.0323869310886,3.76886770621323,0.00343706895863493,0.0230964887250147,0.00766040701864204,"TGFBR2/BMP2/TBX3/HEY1/ENG/TBX2",6
"BP","GO:0090497","mesenchymal cell migration","6/652","43/18842",0.13953488372093,4.0323869310886,3.76886770621323,0.00343706895863493,0.0230964887250147,0.00766040701864204,"FOLR1/EDN1/SEMA3G/SEMA6A/EDNRA/SEMA5A",6
"BP","GO:0043588","skin development","17/652","236/18842",0.0720338983050847,2.08169127586565,3.16586391922345,0.00361470395901731,0.0242540180821563,0.00804432451005396,"COL1A1/COL5A2/SCEL/COL5A1/CDH3/GATA6/KLF4/DSP/ZFP36/ZBED2/COL1A2/FGFR2/CLDN4/COL3A1/SFN/ST14/KAZN",17
"BP","GO:0003228","atrial cardiac muscle tissue development","4/652","19/18842",0.210526315789474,6.08395221181789,4.19752471646277,0.00363684383088394,0.0242666365580536,0.00804850967700637,"TBX3/GATA6/EDNRA/ENG",4
"BP","GO:0010232","vascular transport","9/652","89/18842",0.101123595505618,2.92234783208106,3.44152573824175,0.00364349366817527,0.0242666365580536,0.00804850967700637,"LEPR/SLC15A2/FABP5/SLC2A1/AGER/SLC7A5/SLC1A1/ABCC3/CD36",9
"BP","GO:0048675","axon extension","9/652","89/18842",0.101123595505618,2.92234783208106,3.44152573824175,0.00364349366817527,0.0242666365580536,0.00804850967700637,"EDN1/TRPV2/SEMA3G/CXCL12/CDH1/EDNRA/SLIT2/MACF1/SEMA5A",9
"BP","GO:0150104","transport across blood-brain barrier","9/652","89/18842",0.101123595505618,2.92234783208106,3.44152573824175,0.00364349366817527,0.0242666365580536,0.00804850967700637,"LEPR/SLC15A2/FABP5/SLC2A1/AGER/SLC7A5/SLC1A1/ABCC3/CD36",9
"BP","GO:1904705","regulation of vascular associated smooth muscle cell proliferation","9/652","89/18842",0.101123595505618,2.92234783208106,3.44152573824175,0.00364349366817527,0.0242666365580536,0.00804850967700637,"MMP9/RGCC/EDN1/RGS5/HPGD/NR4A3/CNN1/ADAMTS1/FGFR2",9
"BP","GO:0006633","fatty acid biosynthetic process","14/652","178/18842",0.0786516853932584,2.27293720272972,3.23053195090928,0.00365253441754496,0.0242909700423454,0.00805658035805561,"NME1/EDN1/FABP5/ACACB/PDK4/MIF/CEACAM1/PLA2G4A/KAT2B/LPL/PLA2G1B/PTGDS/ACADL/ALOX5",14
"BP","GO:0006869","lipid transport","27/652","447/18842",0.0604026845637584,1.74556347016923,3.02028488796493,0.00377234846453983,0.0250508383307954,0.00830860569573308,"EDN1/LDLR/FABP5/SLC2A1/PTCH1/MIF/CEACAM1/RBP4/CLU/APOLD1/ABCA3/PLA2G4A/ABCG1/CES1/ABCC3/SLC27A3/SPP1/SLCO2A1/AGTR1/CRABP2/CD36/CAV1/FABP4/PLA2G1B/PLSCR4/ABCA8/MSR1",27
"BP","GO:0003176","aortic valve development","6/652","44/18842",0.136363636363636,3.94074177356386,3.69731820790791,0.00386560849356089,0.0255198077561728,0.00846414867546743,"TGFBR2/BMP2/SLIT2/HEY1/TIE1/SMAD6",6
"BP","GO:0045601","regulation of endothelial cell differentiation","6/652","44/18842",0.136363636363636,3.94074177356386,3.69731820790791,0.00386560849356089,0.0255198077561728,0.00846414867546743,"CLDN5/DSG2/TMEM100/CEACAM1/APOLD1/CDH5",6
"BP","GO:0060038","cardiac muscle cell proliferation","6/652","44/18842",0.136363636363636,3.94074177356386,3.69731820790791,0.00386560849356089,0.0255198077561728,0.00846414867546743,"RBP4/TGFBR3/CDK1/CCNB1/FGFR2/TBX2",6
"BP","GO:0072171","mesonephric tubule morphogenesis","6/652","44/18842",0.136363636363636,3.94074177356386,3.69731820790791,0.00386560849356089,0.0255198077561728,0.00846414867546743,"TCF21/GPC3/BMP2/LGR4/AGTR2/GREM1",6
"BP","GO:0098739","import across plasma membrane","19/652","278/18842",0.0683453237410072,1.97509599682217,3.10094036784994,0.00387155374167244,0.0255216897970775,0.00846477289153453,"SLC39A8/KCNJ15/SLC15A2/TRPV2/LCN2/SLC7A11/SLC2A1/KCNN4/PID1/FXYD1/SLC7A5/SLC1A1/NEDD4L/CD36/STK39/SORBS1/PLA2G1B/FXYD6/PIK3R1",19
"BP","GO:1990874","vascular associated smooth muscle cell proliferation","9/652","90/18842",0.1,2.8898773006135,3.40244010949529,0.00392735794721834,0.0257521592463538,0.00854121263992391,"MMP9/RGCC/EDN1/RGS5/HPGD/NR4A3/CNN1/ADAMTS1/FGFR2",9
"BP","GO:0001516","prostaglandin biosynthetic process","5/652","31/18842",0.161290322580645,4.66109242034435,3.86229125374113,0.00393507157257435,0.0257521592463538,0.00854121263992391,"EDN1/FABP5/MIF/PLA2G4A/PTGDS",5
"BP","GO:0032570","response to progesterone","5/652","31/18842",0.161290322580645,4.66109242034435,3.86229125374113,0.00393507157257435,0.0257521592463538,0.00854121263992391,"GPI/FOS/CAV1/CLDN4/FOSB",5
"BP","GO:0035886","vascular associated smooth muscle cell differentiation","5/652","31/18842",0.161290322580645,4.66109242034435,3.86229125374113,0.00393507157257435,0.0257521592463538,0.00854121263992391,"QKI/RAMP2/GATA6/EDNRA/ENG",5
"BP","GO:1903055","positive regulation of extracellular matrix organization","5/652","31/18842",0.161290322580645,4.66109242034435,3.86229125374113,0.00393507157257435,0.0257521592463538,0.00854121263992391,"RGCC/IL6/TNXB/PLAU/BMP2",5
"BP","GO:0050853","B cell receptor signaling pathway","8/652","74/18842",0.108108108108108,3.12419167633892,3.46625084389089,0.00397896719449298,0.0259640565556712,0.00861149257099278,"IGHG1/IGKC/IGHD/IGHM/MNDA/IGHA1/IGHG3/IGHA2",8
"BP","GO:0072080","nephron tubule development","8/652","74/18842",0.108108108108108,3.12419167633892,3.46625084389089,0.00397896719449298,0.0259640565556712,0.00861149257099278,"CD24/TCF21/GPC3/BMP2/LGR4/AGTR2/AQP1/GREM1",8
"BP","GO:0021537","telencephalon development","14/652","180/18842",0.0777777777777778,2.24768234492161,3.18434865641542,0.00403591783409621,0.0261984314992553,0.00868922765376668,"SRD5A1/NTRK2/MDK/SLC2A1/FOS/BMP2/CXCL12/TACC1/FEZ1/SLIT2/NRGN/EZH2/AQP1/COL3A1",14
"BP","GO:0048588","developmental cell growth","14/652","180/18842",0.0777777777777778,2.24768234492161,3.18434865641542,0.00403591783409621,0.0261984314992553,0.00868922765376668,"NRN1/EDN1/TRPV2/MEIS1/SEMA3G/CXCL12/CDH1/EDNRA/FLRT3/NEDD4L/SLIT2/SPP1/MACF1/SEMA5A",14
"BP","GO:0031348","negative regulation of defense response","20/652","300/18842",0.0666666666666667,1.92658486707566,3.06285872372619,0.00408475837009612,0.0261984314992553,0.00868922765376668,"SLC39A8/SERPING1/DSG2/LDLR/MDK/IRAK3/A2M/HLA-E/FGR/CEACAM1/VSIG4/CDH5/NR4A3/PTGER4/KLF4/TEK/IL33/SFN/MMP12/ALOX5",20
"BP","GO:0042304","regulation of fatty acid biosynthetic process","7/652","59/18842",0.11864406779661,3.42866798377873,3.53729351104452,0.00412046779169451,0.0261984314992553,0.00868922765376668,"NME1/EDN1/FABP5/PDK4/CEACAM1/KAT2B/ACADL",7
"BP","GO:0097009","energy homeostasis","7/652","59/18842",0.11864406779661,3.42866798377873,3.53729351104452,0.00412046779169451,0.0261984314992553,0.00868922765376668,"NMU/LEPR/ACACB/NR4A3/CD36/STK39/GDF15",7
"BP","GO:0003207","cardiac chamber formation","3/652","10/18842",0.3,8.66963190184049,4.59288658433735,0.00412527974372839,0.0261984314992553,0.00868922765376668,"BMP2/EDNRA/TBX2",3
"BP","GO:0035999","tetrahydrofolate interconversion","3/652","10/18842",0.3,8.66963190184049,4.59288658433735,0.00412527974372839,0.0261984314992553,0.00868922765376668,"SHMT2/TYMS/MTHFD2",3
"BP","GO:0055012","ventricular cardiac muscle cell differentiation","3/652","10/18842",0.3,8.66963190184049,4.59288658433735,0.00412527974372839,0.0261984314992553,0.00868922765376668,"CDK1/CCNB1/FHL2",3
"BP","GO:0060856","establishment of blood-brain barrier","3/652","10/18842",0.3,8.66963190184049,4.59288658433735,0.00412527974372839,0.0261984314992553,0.00868922765376668,"ADGRG6/RECK/CLDN3",3
"BP","GO:0061307","cardiac neural crest cell differentiation involved in heart development","3/652","10/18842",0.3,8.66963190184049,4.59288658433735,0.00412527974372839,0.0261984314992553,0.00868922765376668,"FOLR1/EDN1/EDNRA",3
"BP","GO:0061308","cardiac neural crest cell development involved in heart development","3/652","10/18842",0.3,8.66963190184049,4.59288658433735,0.00412527974372839,0.0261984314992553,0.00868922765376668,"FOLR1/EDN1/EDNRA",3
"BP","GO:0061309","cardiac neural crest cell development involved in outflow tract morphogenesis","3/652","10/18842",0.3,8.66963190184049,4.59288658433735,0.00412527974372839,0.0261984314992553,0.00868922765376668,"FOLR1/EDN1/EDNRA",3
"BP","GO:0071372","cellular response to follicle-stimulating hormone stimulus","3/652","10/18842",0.3,8.66963190184049,4.59288658433735,0.00412527974372839,0.0261984314992553,0.00868922765376668,"EDN1/EDNRA/GCLC",3
"BP","GO:0090673","endothelial cell-matrix adhesion","3/652","10/18842",0.3,8.66963190184049,4.59288658433735,0.00412527974372839,0.0261984314992553,0.00868922765376668,"PLPP3/RRAS/MMP12",3
"BP","GO:0097278","complement-dependent cytotoxicity","3/652","10/18842",0.3,8.66963190184049,4.59288658433735,0.00412527974372839,0.0261984314992553,0.00868922765376668,"IGHG1/CD55/CLU",3
"BP","GO:0106015","negative regulation of inflammatory response to wounding","3/652","10/18842",0.3,8.66963190184049,4.59288658433735,0.00412527974372839,0.0261984314992553,0.00868922765376668,"DSG2/MDK/IL33",3
"BP","GO:1901031","regulation of response to reactive oxygen species","3/652","10/18842",0.3,8.66963190184049,4.59288658433735,0.00412527974372839,0.0261984314992553,0.00868922765376668,"SESN1/FBLN5/CD36",3
"BP","GO:1902423","regulation of attachment of mitotic spindle microtubules to kinetochore","3/652","10/18842",0.3,8.66963190184049,4.59288658433735,0.00412527974372839,0.0261984314992553,0.00868922765376668,"CDK1/KAT2B/BIRC5",3
"BP","GO:2000345","regulation of hepatocyte proliferation","3/652","10/18842",0.3,8.66963190184049,4.59288658433735,0.00412527974372839,0.0261984314992553,0.00868922765376668,"MDK/CEACAM1/PTN",3
"BP","GO:0071772","response to BMP","13/652","162/18842",0.0802469135802469,2.31903733999849,3.19216685863439,0.00421923260568716,0.02670182479048,0.00885618798904303,"SOSTDC1/CHRDL1/TMEM100/TGFBR3/BMP2/CDH5/ENG/CAV1/CRIM1/GREM1/ZNF423/SMAD6/SULF1",13
"BP","GO:0071773","cellular response to BMP stimulus","13/652","162/18842",0.0802469135802469,2.31903733999849,3.19216685863439,0.00421923260568716,0.02670182479048,0.00885618798904303,"SOSTDC1/CHRDL1/TMEM100/TGFBR3/BMP2/CDH5/ENG/CAV1/CRIM1/GREM1/ZNF423/SMAD6/SULF1",13
"BP","GO:0022600","digestive system process","9/652","91/18842",0.0989010989010989,2.85812040720016,3.36388976476206,0.00422823306728826,0.02670182479048,0.00885618798904303,"NMU/LDLR/MDK/RBP4/MUC4/CD36/STK39/AQP1/INAVA",9
"BP","GO:1901992","positive regulation of mitotic cell cycle phase transition","9/652","91/18842",0.0989010989010989,2.85812040720016,3.36388976476206,0.00422823306728826,0.02670182479048,0.00885618798904303,"RGCC/DLGAP5/RRM2/CDK1/BIRC5/UBE2C/ADAMTS1/CCNB1/CDC20",9
"BP","GO:0030593","neutrophil chemotaxis","8/652","75/18842",0.106666666666667,3.08253578732106,3.4212522898271,0.00432243663746104,0.0272585549626739,0.00904083855516759,"EDN1/MDK/SLIT2/PERP/C5AR1/CXCL13/PLA2G1B/CXCL3",8
"BP","GO:1900180","regulation of protein localization to nucleus","11/652","126/18842",0.0873015873015873,2.52290875450385,3.24722259805682,0.00436080357491044,0.0274620996079206,0.00910834816009583,"EDN1/CDKN2A/WWTR1/HYAL2/CDK1/CDH1/CLDN18/CD36/ECT2/PIK3R1/FERMT2",11
"BP","GO:0002689","negative regulation of leukocyte chemotaxis","4/652","20/18842",0.2,5.77975460122699,4.04899402932429,0.00442318065916593,0.0275471292709657,0.00913654992856974,"MIF/SLIT2/DUSP1/GREM1",4
"BP","GO:0006957","complement activation, alternative pathway","4/652","20/18842",0.2,5.77975460122699,4.04899402932429,0.00442318065916593,0.0275471292709657,0.00913654992856974,"CFD/VSIG4/C7/CFB",4
"BP","GO:0015669","gas transport","4/652","20/18842",0.2,5.77975460122699,4.04899402932429,0.00442318065916593,0.0275471292709657,0.00913654992856974,"HBB/HBA1/HBA2/AQP1",4
"BP","GO:0038166","angiotensin-activated signaling pathway","4/652","20/18842",0.2,5.77975460122699,4.04899402932429,0.00442318065916593,0.0275471292709657,0.00913654992856974,"CA2/AGTR1/CAV1/AGTR2",4
"BP","GO:0045662","negative regulation of myoblast differentiation","4/652","20/18842",0.2,5.77975460122699,4.04899402932429,0.00442318065916593,0.0275471292709657,0.00913654992856974,"SOSTDC1/TBX3/ID3/SOX4",4
"BP","GO:0046653","tetrahydrofolate metabolic process","4/652","20/18842",0.2,5.77975460122699,4.04899402932429,0.00442318065916593,0.0275471292709657,0.00913654992856974,"FOLR1/SHMT2/TYMS/MTHFD2",4
"BP","GO:0061621","canonical glycolysis","4/652","20/18842",0.2,5.77975460122699,4.04899402932429,0.00442318065916593,0.0275471292709657,0.00913654992856974,"GAPDH/PGK1/ENO1/PFKP",4
"BP","GO:0061718","glucose catabolic process to pyruvate","4/652","20/18842",0.2,5.77975460122699,4.04899402932429,0.00442318065916593,0.0275471292709657,0.00913654992856974,"GAPDH/PGK1/ENO1/PFKP",4
"BP","GO:0002440","production of molecular mediator of immune response","14/652","182/18842",0.0769230769230769,2.22298253893346,3.13877043978162,0.00445137731394466,0.0276844969773469,0.00918211064364751,"GPI/IL6/HSPD1/IRAK3/HLA-E/MIF/CD55/RBP4/F2RL1/NR4A3/SLC7A5/IL33/PGC/INAVA",14
"BP","GO:0032613","interleukin-10 production","7/652","60/18842",0.116666666666667,3.37152351738241,3.48330550331252,0.00452868050532844,0.0278862522633748,0.00924902677222175,"TNFRSF21/IL6/HSPD1/AGER/F2RL1/TYROBP/INAVA",7
"BP","GO:0032653","regulation of interleukin-10 production","7/652","60/18842",0.116666666666667,3.37152351738241,3.48330550331252,0.00452868050532844,0.0278862522633748,0.00924902677222175,"TNFRSF21/IL6/HSPD1/AGER/F2RL1/TYROBP/INAVA",7
"BP","GO:0071384","cellular response to corticosteroid stimulus","7/652","60/18842",0.116666666666667,3.37152351738241,3.48330550331252,0.00452868050532844,0.0278862522633748,0.00924902677222175,"EDN1/SRD5A1/ZFP36/KLF9/FAM107A/AQP1/TBX2",7
"BP","GO:0001974","blood vessel remodeling","5/652","32/18842",0.15625,4.51543328220859,3.76806924020425,0.00453329405833971,0.0278862522633748,0.00924902677222175,"NPR3/CEACAM1/EDNRA/EPAS1/AGTR2",5
"BP","GO:0090022","regulation of neutrophil chemotaxis","5/652","32/18842",0.15625,4.51543328220859,3.76806924020425,0.00453329405833971,0.0278862522633748,0.00924902677222175,"EDN1/MDK/SLIT2/PERP/C5AR1",5
"BP","GO:0090025","regulation of monocyte chemotaxis","5/652","32/18842",0.15625,4.51543328220859,3.76806924020425,0.00453329405833971,0.0278862522633748,0.00924902677222175,"CX3CR1/CXCL12/SLIT2/DUSP1/GREM1",5
"BP","GO:0090266","regulation of mitotic cell cycle spindle assembly checkpoint","5/652","32/18842",0.15625,4.51543328220859,3.76806924020425,0.00453329405833971,0.0278862522633748,0.00924902677222175,"NDC80/BIRC5/DUSP1/CCNB1/MAD2L1",5
"BP","GO:1903504","regulation of mitotic spindle checkpoint","5/652","32/18842",0.15625,4.51543328220859,3.76806924020425,0.00453329405833971,0.0278862522633748,0.00924902677222175,"NDC80/BIRC5/DUSP1/CCNB1/MAD2L1",5
"BP","GO:0050867","positive regulation of cell activation","22/652","345/18842",0.063768115942029,1.84282030763759,2.99125414690051,0.00454601336389205,0.0278932033282914,0.00925133223029841,"GAS6/IL6/HSPD1/MDK/CD24/TGFBR2/HLA-E/SVEP1/MIF/CD55/ZBTB16/CAPN3/AGER/PLA2G4A/IL7R/NR4A3/TYROBP/IL33/IGFBP2/CAV1/SOX4/IL1RL1",22
"BP","GO:0034109","homotypic cell-cell adhesion","9/652","92/18842",0.0978260869565217,2.82705388103494,3.32586070470548,0.00454679628438549,0.0278932033282914,0.00925133223029841,"PLPP3/HBB/IL6/DSG2/CEACAM1/DSP/CEACAM5/SLC6A4/MYL9",9
"BP","GO:0050777","negative regulation of immune response","15/652","202/18842",0.0742574257425743,2.14594849055458,3.10011104726961,0.00458995981316693,0.0281197402140892,0.00932646766627781,"SERPING1/IRAK3/A2M/HLA-E/C4BPA/FGR/CD55/CEACAM1/CLU/VSIG4/IL33/COL3A1/SFN/IL1RL1/MMP12",15
"BP","GO:0014013","regulation of gliogenesis","8/652","76/18842",0.105263157894737,3.04197610590894,3.3769996775544,0.00468826358465109,0.0286441470232951,0.0095003975501529,"IL6/LDLR/MDK/QKI/MYRF/BMP2/SLC7A5/PTN",8
"BP","GO:0061326","renal tubule development","8/652","76/18842",0.105263157894737,3.04197610590894,3.3769996775544,0.00468826358465109,0.0286441470232951,0.0095003975501529,"CD24/TCF21/GPC3/BMP2/LGR4/AGTR2/AQP1/GREM1",8
"BP","GO:0090263","positive regulation of canonical Wnt signaling pathway","10/652","110/18842",0.0909090909090909,2.62716118237591,3.2403674897876,0.00483292262125335,0.0294058262770837,0.00975302353028109,"COL1A1/SCEL/GPC3/RECK/ZEB2/CDH3/LGR4/FGFR2/SOX4/SEMA5A",10
"BP","GO:0007566","embryo implantation","6/652","46/18842",0.130434782608696,3.76940517471326,3.56034530073387,0.0048396472633983,0.0294058262770837,0.00975302353028109,"EMP2/FBLN1/SPP1/TIMP1/TPPP3/SCGB1A1",6
"BP","GO:0061028","establishment of endothelial barrier","6/652","46/18842",0.130434782608696,3.76940517471326,3.56034530073387,0.0048396472633983,0.0294058262770837,0.00975302353028109,"CLDN5/PECAM1/F2RL1/CDH5/DSP/CLDN3",6
"BP","GO:1904019","epithelial cell apoptotic process","6/652","46/18842",0.130434782608696,3.76940517471326,3.56034530073387,0.0048396472633983,0.0294058262770837,0.00975302353028109,"IL6/MDK/EDNRA/WFS1/ZFP36/PLA2G1B",6
"BP","GO:0043549","regulation of kinase activity","17/652","243/18842",0.0699588477366255,2.0217248605115,3.03495127775464,0.0048455375746004,0.0294058262770837,0.00975302353028109,"EMP2/GAS6/TPX2/CDKN3/ANGPT1/CDKN2A/FGR/CEACAM1/LDB2/EEF1A2/SASH1/GPRC5A/NEDD9/EZH2/ECT2/ADARB1/SFN",17
"BP","GO:0019058","viral life cycle","19/652","284/18842",0.0669014084507042,1.93336861660762,3.00058685321853,0.00486645892123162,0.0294930958008513,0.00978196819283747,"GAS6/SLPI/APOBEC3B/LDLR/MYH10/HYAL2/CD55/CDK1/MRC1/LAMP3/CAV2/AGTR1/TMPRSS4/TOP2A/CAV1/SRPK1/EFNB2/KPNA2/ADARB1",19
"BP","GO:0045445","myoblast differentiation","9/652","93/18842",0.0967741935483871,2.79665545220661,3.2883394486977,0.00488373382332015,0.0295580614890611,0.00980351534746598,"SOSTDC1/CAPN3/TBX3/EPAS1/ID3/GREM1/SOX4/TBX2/IGFBP3",9
"BP","GO:0008037","cell recognition","11/652","128/18842",0.0859375,2.48348830521472,3.1883443654402,0.00491132678921271,0.0296852178184452,0.00984568925752111,"TNFRSF21/COLEC12/C4BPA/PECAM1/CRTAC1/FCN3/NEDD9/CADM1/VCAN/CFB/SEMA5A",11
"BP","GO:0001932","regulation of protein phosphorylation","23/652","369/18842",0.0623306233062331,1.80127853425774,2.94298060166978,0.00495839823528999,0.0298995099419023,0.00991676347603611,"MMP9/GAS6/IL6/TPX2/CDKN3/ANGPT1/CDKN2A/FGR/CEACAM1/BMP2/FBLN1/SASH1/IL7R/GPRC5A/SLIT2/LIMCH1/NEDD9/ARRB1/EZH2/ECT2/ADARB1/IGFBP3/SFN",23
"BP","GO:0016331","morphogenesis of embryonic epithelium","7/652","61/18842",0.114754098360656,3.31625264004828,3.43044856159761,0.00496667397349408,0.0298995099419023,0.00991676347603611,"FOLR1/TFAP2A/PTCH1/FGFR2/DLC1/GREM1/SULF1",7
"BP","GO:0120192","tight junction assembly","7/652","61/18842",0.114754098360656,3.31625264004828,3.43044856159761,0.00496667397349408,0.0298995099419023,0.00991676347603611,"CLDN5/PECAM1/RAMP2/CDH5/CLDN18/ECT2/CLDN3",7
"BP","GO:0043085","positive regulation of catalytic activity","19/652","285/18842",0.0666666666666667,1.92658486707566,2.98409862332242,0.00505112783096117,0.0303673805197386,0.0100719420012632,"GAS6/TPX2/ANGPT1/BMP2/EEF1A2/F2RL1/UBE2S/SASH1/DOCK9/EDNRA/NET1/UBE2C/NEDD9/EZH2/FGFR4/FGFR2/CDC20/ECT2/RFC4",19
"BP","GO:0070663","regulation of leukocyte proliferation","16/652","224/18842",0.0714285714285714,2.06419807186678,3.03346778409501,0.00506719839249697,0.0304234321594791,0.0100905326355188,"TNFRSF21/IL6/CDKN2A/CD24/TGFBR2/HLA-E/SFTPD/MIF/CD55/AGER/VSIG4/MNDA/TYROBP/IL33/IGFBP2/GREM1",16
"BP","GO:0001937","negative regulation of endothelial cell proliferation","8/652","77/18842",0.103896103896104,3.00246992271532,3.33346963159538,0.0050773755704119,0.0304439979348235,0.0100973536814218,"RGCC/MMRN2/CAV2/ENG/COL4A3/CAV1/SULF1/ALOX5",8
"BP","GO:0007411","axon guidance","14/652","185/18842",0.0756756756756757,2.18693417343724,3.07150350680231,0.00513890444854902,0.0307720055225863,0.0102061438814121,"EDN1/ANOS1/PTCH1/NFASC/SEMA3G/SEMA6A/CXCL12/EDNRA/FEZ1/FLRT3/SLIT2/EFNA4/EFNB2/SEMA5A",14
"BP","GO:0002446","neutrophil mediated immunity","5/652","33/18842",0.151515151515152,4.37860197062651,3.67765148678874,0.00519346053568192,0.0308528505341104,0.0102329577274938,"IL6/F2RL1/PLA2G1B/ANXA3/DNASE1L3",5
"BP","GO:0003091","renal water homeostasis","5/652","33/18842",0.151515151515152,4.37860197062651,3.67765148678874,0.00519346053568192,0.0308528505341104,0.0102329577274938,"ADCY9/HYAL2/WFS1/AQP4/AQP1",5
"BP","GO:0046457","prostanoid biosynthetic process","5/652","33/18842",0.151515151515152,4.37860197062651,3.67765148678874,0.00519346053568192,0.0308528505341104,0.0102329577274938,"EDN1/FABP5/MIF/PLA2G4A/PTGDS",5
"BP","GO:0048483","autonomic nervous system development","5/652","33/18842",0.151515151515152,4.37860197062651,3.67765148678874,0.00519346053568192,0.0308528505341104,0.0102329577274938,"TFAP2A/EDNRA/SLC6A4/EDNRB/SOX4",5
"BP","GO:0071634","regulation of transforming growth factor beta production","5/652","33/18842",0.151515151515152,4.37860197062651,3.67765148678874,0.00519346053568192,0.0308528505341104,0.0102329577274938,"CD24/LAPTM4B/FBLN1/GATA6/TYROBP",5
"BP","GO:1904888","cranial skeletal system development","5/652","33/18842",0.151515151515152,4.37860197062651,3.67765148678874,0.00519346053568192,0.0308528505341104,0.0102329577274938,"TGFBR2/TFAP2A/CEP55/EDNRA/FGFR2",5
"BP","GO:0061564","axon development","25/652","414/18842",0.0603864734299517,1.74509498829317,2.90223205204668,0.00521357413183903,0.0309315865269239,0.0102590720758326,"TNFRSF21/FOLR1/EDN1/TRPV2/NTRK2/ANOS1/PTCH1/CRTAC1/NFASC/SEMA3G/GPM6B/SEMA6A/CXCL12/CDH1/EDNRA/FEZ1/FLRT3/SLIT2/SPP1/EFNA4/PTN/MACF1/EFNB2/FGFR2/SEMA5A",25
"BP","GO:0051056","regulation of small GTPase mediated signal transduction","20/652","307/18842",0.0651465798045603,1.88265622189804,2.95205131579635,0.00526390887101595,0.0311891788428527,0.0103445076590671,"HEG1/ARHGAP29/RASIP1/STARD13/F2RL1/DOCK9/NET1/SLIT2/TEK/FBP1/ARRB1/CXCL13/DENND3/KANK2/DLC1/ECT2/ARHGAP6/FERMT2/COL3A1/ARHGAP44",20
"BP","GO:0010744","positive regulation of macrophage derived foam cell differentiation","4/652","21/18842",0.19047619047619,5.50452819164476,3.91018254263664,0.0053164335807906,0.031335684987954,0.0103930993179798,"LPL/AGTR1/CD36/MSR1",4
"BP","GO:0044321","response to leptin","4/652","21/18842",0.19047619047619,5.50452819164476,3.91018254263664,0.0053164335807906,0.031335684987954,0.0103930993179798,"LEPR/EDN1/PID1/NR4A3",4
"BP","GO:0061620","glycolytic process through glucose-6-phosphate","4/652","21/18842",0.19047619047619,5.50452819164476,3.91018254263664,0.0053164335807906,0.031335684987954,0.0103930993179798,"GAPDH/PGK1/ENO1/PFKP",4
"BP","GO:0071474","cellular hyperosmotic response","4/652","21/18842",0.19047619047619,5.50452819164476,3.91018254263664,0.0053164335807906,0.031335684987954,0.0103930993179798,"SLC2A1/FBP1/STK39/AQP1",4
"BP","GO:0097485","neuron projection guidance","14/652","186/18842",0.0752688172043011,2.17517646282736,3.04936712039318,0.00538622257090565,0.0316812458915429,0.0105077114221285,"EDN1/ANOS1/PTCH1/NFASC/SEMA3G/SEMA6A/CXCL12/EDNRA/FEZ1/FLRT3/SLIT2/EFNA4/EFNB2/SEMA5A",14
"BP","GO:2000242","negative regulation of reproductive process","6/652","47/18842",0.127659574468085,3.68920506461297,3.49470971715703,0.00538911412703779,0.0316812458915429,0.0105077114221285,"TTK/ZWINT/TRIP13/DUSP1/TIMP1/SULF1",6
"BP","GO:0051058","negative regulation of small GTPase mediated signal transduction","7/652","62/18842",0.112903225806452,3.26276469424105,3.37867849646568,0.00543576548460327,0.0318723882575763,0.010571107566008,"HEG1/ARHGAP29/RASIP1/SLIT2/FBP1/DLC1/ARHGAP44",7
"BP","GO:0072175","epithelial tube formation","7/652","62/18842",0.112903225806452,3.26276469424105,3.37867849646568,0.00543576548460327,0.0318723882575763,0.010571107566008,"FOLR1/PTCH1/MMRN2/PODXL/FGFR2/DLC1/GREM1",7
"BP","GO:0009411","response to UV","11/652","130/18842",0.0846153846153846,2.4452807928268,3.13056860791581,0.00551549023719815,0.031994260480938,0.0106115288978534,"MME/MMP9/FEN1/MFAP4/HYAL1/HYAL2/MMP1/CAT/AQP1/TIMP1/PCLAF",11
"BP","GO:0002934","desmosome organization","3/652","11/18842",0.272727272727273,7.88148354712772,4.32216308604471,0.00552750696709928,0.031994260480938,0.0106115288978534,"DSG2/CDH1/DSP",3
"BP","GO:0007567","parturition","3/652","11/18842",0.272727272727273,7.88148354712772,4.32216308604471,0.00552750696709928,0.031994260480938,0.0106115288978534,"EDN1/HPGD/MAFF",3
"BP","GO:0033313","meiotic cell cycle checkpoint signaling","3/652","11/18842",0.272727272727273,7.88148354712772,4.32216308604471,0.00552750696709928,0.031994260480938,0.0106115288978534,"TTK/ZWINT/TRIP13",3
"BP","GO:0033625","positive regulation of integrin activation","3/652","11/18842",0.272727272727273,7.88148354712772,4.32216308604471,0.00552750696709928,0.031994260480938,0.0106115288978534,"RASIP1/CXCL13/FERMT2",3
"BP","GO:0048484","enteric nervous system development","3/652","11/18842",0.272727272727273,7.88148354712772,4.32216308604471,0.00552750696709928,0.031994260480938,0.0106115288978534,"EDNRA/SLC6A4/EDNRB",3
"BP","GO:0051256","mitotic spindle midzone assembly","3/652","11/18842",0.272727272727273,7.88148354712772,4.32216308604471,0.00552750696709928,0.031994260480938,0.0106115288978534,"BIRC5/PRC1/KIF4A",3
"BP","GO:0051987","positive regulation of attachment of spindle microtubules to kinetochore","3/652","11/18842",0.272727272727273,7.88148354712772,4.32216308604471,0.00552750696709928,0.031994260480938,0.0106115288978534,"KAT2B/BIRC5/CCNB1",3
"BP","GO:0071476","cellular hypotonic response","3/652","11/18842",0.272727272727273,7.88148354712772,4.32216308604471,0.00552750696709928,0.031994260480938,0.0106115288978534,"MYLK/FBP1/STK39",3
"BP","GO:1990839","response to endothelin","3/652","11/18842",0.272727272727273,7.88148354712772,4.32216308604471,0.00552750696709928,0.031994260480938,0.0106115288978534,"KLF2/KLF4/EDNRB",3
"BP","GO:0070098","chemokine-mediated signaling pathway","9/652","95/18842",0.0947368421052632,2.73777849531805,3.21476887342564,0.00561551777999169,0.0324620123974135,0.0107666680666947,"ENTREP1/EDN1/CX3CR1/CXCL12/CCL14/SLIT2/ACKR1/CXCL13/STK39",9
"BP","GO:0046651","lymphocyte proliferation","16/652","227/18842",0.0704845814977974,2.03691792113727,2.97567305161411,0.00574683229551706,0.0331785746741183,0.0110043301095757,"EMP2/TNFRSF21/IL6/HSPD1/CDKN2A/CD24/TGFBR2/HLA-E/SFTPD/MIF/CD55/AGER/VSIG4/MNDA/TYROBP/IGFBP2",16
"BP","GO:0010837","regulation of keratinocyte proliferation","5/652","34/18842",0.147058823529412,4.24981955972573,3.59076366437569,0.00591884353745317,0.0338875872946565,0.0112394881597599,"MDK/CDH3/ZFP36/KLF9/FGFR2",5
"BP","GO:0042417","dopamine metabolic process","5/652","34/18842",0.147058823529412,4.24981955972573,3.59076366437569,0.00591884353745317,0.0338875872946565,0.0112394881597599,"MAOA/HPRT1/ALDH2/SLC1A1/NPR1",5
"BP","GO:1900746","regulation of vascular endothelial growth factor signaling pathway","5/652","34/18842",0.147058823529412,4.24981955972573,3.59076366437569,0.00591884353745317,0.0338875872946565,0.0112394881597599,"ANGPT1/DCN/JCAD/SEMA6A/GREM1",5
"BP","GO:0034644","cellular response to UV","8/652","79/18842",0.10126582278481,2.92645802593772,3.24848884991357,0.00592920965028417,0.0338875872946565,0.0112394881597599,"MME/MMP9/MFAP4/HYAL1/HYAL2/MMP1/AQP1/TIMP1",8
"BP","GO:0015909","long-chain fatty acid transport","7/652","63/18842",0.111111111111111,3.21097477845944,3.32795354473587,0.00593727965464153,0.0338875872946565,0.0112394881597599,"FABP5/SLC2A1/MIF/PLA2G4A/CD36/FABP4/PLA2G1B",7
"BP","GO:0035107","appendage morphogenesis","7/652","63/18842",0.111111111111111,3.21097477845944,3.32795354473587,0.00593727965464153,0.0338875872946565,0.0112394881597599,"TFAP2A/PTCH1/ZBTB16/TBX3/FGFR2/TBX2/COL3A1",7
"BP","GO:0035108","limb morphogenesis","7/652","63/18842",0.111111111111111,3.21097477845944,3.32795354473587,0.00593727965464153,0.0338875872946565,0.0112394881597599,"TFAP2A/PTCH1/ZBTB16/TBX3/FGFR2/TBX2/COL3A1",7
"BP","GO:0042908","xenobiotic transport","7/652","63/18842",0.111111111111111,3.21097477845944,3.32795354473587,0.00593727965464153,0.0338875872946565,0.0112394881597599,"SLC15A2/SLC2A1/ABCA3/ABCG1/SLC7A5/ABCC3/ABCA8",7
"BP","GO:0045666","positive regulation of neuron differentiation","7/652","63/18842",0.111111111111111,3.21097477845944,3.32795354473587,0.00593727965464153,0.0338875872946565,0.0112394881597599,"TCF4/GATA2/BMP2/CXCL12/PCP4/ECT2/DMD",7
"BP","GO:0003281","ventricular septum development","6/652","48/18842",0.125,3.61234662576687,3.43084606367673,0.00598285978265172,0.0340185558133374,0.0112829264577484,"TGFBR2/TGFBR3/SLIT2/HEY1/FGFR2/SOX4",6
"BP","GO:0006693","prostaglandin metabolic process","6/652","48/18842",0.125,3.61234662576687,3.43084606367673,0.00598285978265172,0.0340185558133374,0.0112829264577484,"EDN1/FABP5/MIF/HPGD/PLA2G4A/PTGDS",6
"BP","GO:1905314","semi-lunar valve development","6/652","48/18842",0.125,3.61234662576687,3.43084606367673,0.00598285978265172,0.0340185558133374,0.0112829264577484,"TGFBR2/BMP2/SLIT2/HEY1/TIE1/SMAD6",6
"BP","GO:0008016","regulation of heart contraction","15/652","208/18842",0.0721153846153846,2.08404613025012,2.97636239295935,0.00599211158919011,0.034028250825766,0.0112861420002552,"NMU/EDN1/DSG2/ADRB2/FXYD1/EDNRA/SLC1A1/DSP/DES/CAV1/AGTR2/EDNRB/ATP2A2/TBX2/DMD",15
"BP","GO:0002367","cytokine production involved in immune response","9/652","96/18842",0.09375,2.70925996932515,3.178694971674,0.00601177567672506,0.0340541413647655,0.0112947291092755,"IL6/IRAK3/HLA-E/MIF/CD55/F2RL1/NR4A3/SLC7A5/INAVA",9
"BP","GO:0002718","regulation of cytokine production involved in immune response","9/652","96/18842",0.09375,2.70925996932515,3.178694971674,0.00601177567672506,0.0340541413647655,0.0112947291092755,"IL6/IRAK3/HLA-E/MIF/CD55/F2RL1/NR4A3/SLC7A5/INAVA",9
"BP","GO:0010927","cellular component assembly involved in morphogenesis","10/652","114/18842",0.087719298245614,2.53498008825745,3.1122100057099,0.00620734488860602,0.035073832208928,0.0116329297332954,"PMP22/EDN1/MYH11/KRT19/PLLP/CAPN3/LMOD1/NEBL/KRT8/MYL9",10
"BP","GO:0032989","cellular anatomical entity morphogenesis","10/652","114/18842",0.087719298245614,2.53498008825745,3.1122100057099,0.00620734488860602,0.035073832208928,0.0116329297332954,"PMP22/EDN1/MYH11/KRT19/PLLP/CAPN3/LMOD1/NEBL/KRT8/MYL9",10
"BP","GO:0010817","regulation of hormone levels","28/652","487/18842",0.0574948665297741,1.66153109686197,2.80025107977046,0.00626598304759714,0.0353608480120344,0.0117281241976468,"MME/NMU/IL6/EDN1/SRD5A1/HSD17B6/SCG5/PAPSS2/RBP4/CPA3/ALDH1A1/BMP2/TBX3/DKK3/CES1/SLC7A5/SPP1/EGR1/DUOX1/AGTR1/BCHE/GABBR1/EDNRB/ADH1B/SOX4/GHR/RAB11FIP1/ALOX5",28
"BP","GO:0001569","branching involved in blood vessel morphogenesis","4/652","22/18842",0.181818181818182,5.25432236475181,3.77999607424296,0.00632268189750063,0.0354148728892302,0.0117460426160428,"MDK/TGFBR2/EDNRA/ENG",4
"BP","GO:0010884","positive regulation of lipid storage","4/652","22/18842",0.181818181818182,5.25432236475181,3.77999607424296,0.00632268189750063,0.0354148728892302,0.0117460426160428,"ACACB/LPL/CD36/MSR1",4
"BP","GO:0043567","regulation of insulin-like growth factor receptor signaling pathway","4/652","22/18842",0.181818181818182,5.25432236475181,3.77999607424296,0.00632268189750063,0.0354148728892302,0.0117460426160428,"BMP2/CDH3/IGFBP2/IGFBP3",4
"BP","GO:0048710","regulation of astrocyte differentiation","4/652","22/18842",0.181818181818182,5.25432236475181,3.77999607424296,0.00632268189750063,0.0354148728892302,0.0117460426160428,"IL6/LDLR/QKI/BMP2",4
"BP","GO:0050927","positive regulation of positive chemotaxis","4/652","22/18842",0.181818181818182,5.25432236475181,3.77999607424296,0.00632268189750063,0.0354148728892302,0.0117460426160428,"VEGFD/CXCL12/F2RL1/S1PR1",4
"BP","GO:1901970","positive regulation of mitotic sister chromatid separation","4/652","22/18842",0.181818181818182,5.25432236475181,3.77999607424296,0.00632268189750063,0.0354148728892302,0.0117460426160428,"DLGAP5/BIRC5/UBE2C/CDC20",4
"BP","GO:0009308","amine metabolic process","8/652","80/18842",0.1,2.8898773006135,3.20699630484232,0.00639382809811816,0.0357246231653219,0.0118487774177371,"MAOA/HPRT1/ALDH2/KL/EDNRA/SLC1A1/NPR1/AOC3",8
"BP","GO:0034103","regulation of tissue remodeling","8/652","80/18842",0.1,2.8898773006135,3.20699630484232,0.00639382809811816,0.0357246231653219,0.0118487774177371,"LEPR/IL6/MDK/PDK4/CEACAM1/S1PR1/SPP1/GREM1",8
"BP","GO:0048706","embryonic skeletal system development","7/652","64/18842",0.109375,3.16080329754601,3.27823419972214,0.0064725461397381,0.0360305068445421,0.0119502297861505,"COL1A1/TGFBR2/TFAP2A/RBP4/EDNRA/FGFR2/SULF1",7
"BP","GO:0060993","kidney morphogenesis","7/652","64/18842",0.109375,3.16080329754601,3.27823419972214,0.0064725461397381,0.0360305068445421,0.0119502297861505,"TCF21/GPC3/BMP2/LGR4/AGTR2/GREM1/SOX4",7
"BP","GO:2000630","positive regulation of miRNA metabolic process","7/652","64/18842",0.109375,3.16080329754601,3.27823419972214,0.0064725461397381,0.0360305068445421,0.0119502297861505,"IL6/GATA2/FOS/BMP2/KLF4/EGR1/SMAD6",7
"BP","GO:0051146","striated muscle cell differentiation","18/652","271/18842",0.0664206642066421,1.91947569782446,2.88646754469826,0.00648655219648474,0.0360639504980884,0.0119613220349077,"EDN1/MYH11/KRT19/MEIS1/CDK1/CAPN3/BMP2/TBX3/LMOD1/CEACAM5/CAV2/NEBL/KRT8/CCNB1/EFNB2/GREM1/FHL2/MYL9",18
"BP","GO:0032943","mononuclear cell proliferation","16/652","230/18842",0.0695652173913043,2.01034942651374,2.91876021930949,0.00649853448950434,0.0360829441126542,0.0119676216426126,"EMP2/TNFRSF21/IL6/HSPD1/CDKN2A/CD24/TGFBR2/HLA-E/SFTPD/MIF/CD55/AGER/VSIG4/MNDA/TYROBP/IGFBP2",16
"BP","GO:0010638","positive regulation of organelle organization","27/652","466/18842",0.0579399141630901,1.67439242739409,2.79086979495082,0.00651327220438768,0.0360829441126542,0.0119676216426126,"MMP9/FEN1/RGCC/SYNPO/EDN1/CCN2/DLGAP5/WASF3/NUSAP1/PMAIP1/ADRB2/CDK1/DCN/F2RL1/ABCA3/TNFSF10/LMOD1/KLF4/AURKA/LIMCH1/UBE2C/BUB1/TAL1/NEK2/CDC20/FERMT2/SEMA5A",27
"BP","GO:0071222","cellular response to lipopolysaccharide","15/652","210/18842",0.0714285714285714,2.06419807186678,2.93603886712625,0.00652959410671536,0.0360829441126542,0.0119676216426126,"MMP9/IL6/IRAK3/CX3CR1/LCN2/MIF/CD55/SASH1/SLC7A5/ZFP36/CD36/CXCL13/EFNB2/PLSCR4/EDNRB",15
"BP","GO:0014074","response to purine-containing compound","11/652","133/18842",0.0827067669172932,2.39012408321417,3.04588514938241,0.0065299805712854,0.0360829441126542,0.0119676216426126,"COL1A1/SRD5A1/FOS/PER1/CDO1/FBP1/DUOX1/DUSP1/SLC6A4/AQP1/FOSB",11
"BP","GO:0097530","granulocyte migration","11/652","133/18842",0.0827067669172932,2.39012408321417,3.04588514938241,0.0065299805712854,0.0360829441126542,0.0119676216426126,"EMP2/EDN1/MDK/PECAM1/PTGER4/SLIT2/PERP/C5AR1/CXCL13/PLA2G1B/CXCL3",11
"BP","GO:0007292","female gamete generation","10/652","115/18842",0.0869565217391304,2.51293678314217,3.08102356360625,0.00659430123339767,0.0363937628658385,0.0120707108258546,"EDN1/MDK/HPGD/NDC80/TRIP13/EDNRA/PTN/DIAPH2/TOP2A/CCNB1",10
"BP","GO:0008154","actin polymerization or depolymerization","13/652","171/18842",0.0760233918128655,2.19698274315646,2.97688171217309,0.00661446516208865,0.036460419823787,0.0120928189235221,"SPTBN1/WASF3/CYRIA/CXCL12/F2RL1/KANK3/LMOD1/SLIT2/DIAPH2/FAM107A/KANK2/ARHGAP6/SEMA5A",13
"BP","GO:0071526","semaphorin-plexin signaling pathway","6/652","49/18842",0.122448979591837,3.53862526605734,3.36866639665625,0.0066228639101292,0.0364621408678542,0.0120933897418057,"EDN1/SEMA3G/SEMA6A/TYROBP/EDNRA/SEMA5A",6
"BP","GO:0008207","C21-steroid hormone metabolic process","5/652","35/18842",0.142857142857143,4.12839614373357,3.50715875335696,0.00671266379768942,0.0368216557953547,0.0122126299738047,"SRD5A1/BMP2/DKK3/EGR1/EDNRB",5
"BP","GO:0010743","regulation of macrophage derived foam cell differentiation","5/652","35/18842",0.142857142857143,4.12839614373357,3.50715875335696,0.00671266379768942,0.0368216557953547,0.0122126299738047,"ABCG1/LPL/AGTR1/CD36/MSR1",5
"BP","GO:0043903","regulation of biological process involved in symbiotic interaction","5/652","35/18842",0.142857142857143,4.12839614373357,3.50715875335696,0.00671266379768942,0.0368216557953547,0.0122126299738047,"F2RL1/FBLN1/MUC5B/TMPRSS4/CAV1",5
"BP","GO:0000075","cell cycle checkpoint signaling","14/652","191/18842",0.0732984293193717,2.11823467060675,2.94074927775684,0.0067703576917909,0.0370930046564826,0.0123026281871709,"BUB1B/TTK/ZWINT/CDK1/NDC80/TRIP13/BIRC5/CENPF/DUSP1/BUB1/CCNB1/CDC20/RFC4/MAD2L1",14
"BP","GO:0007264","small GTPase-mediated signal transduction","28/652","490/18842",0.0571428571428571,1.65135845749343,2.76589582917111,0.00679045547107287,0.0371579656784801,0.0123241737941578,"HEG1/ARHGAP29/RASIP1/CDKN2A/STARD13/RRAS/RASL12/F2RL1/DOCK9/NET1/SLIT2/TEK/FBP1/ARRB1/AGTR1/COL1A2/DOCK4/RAPGEF5/CXCL13/DENND3/KANK2/DLC1/CTNNAL1/ECT2/ARHGAP6/FERMT2/COL3A1/ARHGAP44",28
"BP","GO:0046822","regulation of nucleocytoplasmic transport","9/652","98/18842",0.0918367346938776,2.65396894954301,3.1079117280209,0.00686860037039522,0.0375400231152874,0.0124508906949512,"GAS6/CDKN2A/HYAL2/CDK1/CDH1/CD36/ECT2/PIK3R1/SFN",9
"BP","GO:0035924","cellular response to vascular endothelial growth factor stimulus","8/652","81/18842",0.0987654320987654,2.85419980307506,3.16614260202892,0.00688552186198399,0.0375414970685439,0.0124513795606834,"VEGFD/ANGPT1/NR4A1/DCN/JCAD/SEMA6A/RAMP2/GREM1",8
"BP","GO:0060390","regulation of SMAD protein signal transduction","8/652","81/18842",0.0987654320987654,2.85419980307506,3.16614260202892,0.00688552186198399,0.0375414970685439,0.0124513795606834,"TGFBR2/TTK/TGFBR3/BMP2/ENG/GDF15/GREM1/SMAD6",8
"BP","GO:0001909","leukocyte mediated cytotoxicity","11/652","134/18842",0.082089552238806,2.37228733632451,3.018166520443,0.00689880087503581,0.037568469982532,0.0124603256607633,"EMP2/IGHG1/CX3CR1/HLA-E/CEACAM1/AGER/F2RL1/TYROBP/CADM1/PIK3R1/DNASE1L3",11
"BP","GO:0031396","regulation of protein ubiquitination","13/652","172/18842",0.0755813953488372,2.18420958767299,2.95379302427557,0.00693643078703692,0.0377278243893238,0.0125131786996288,"ANGPT1/CDK1/UBE2S/SASH1/WFS1/UBE2C/ARRB1/FAM107A/CAV1/FOXF2/INAVA/CDC20/MAD2L1",13
"BP","GO:0051047","positive regulation of secretion","19/652","294/18842",0.0646258503401361,1.86760777930804,2.83862473077364,0.00698682811440455,0.037949377518193,0.0125866611741121,"NMU/RGCC/EDN1/MYH10/GATA2/FGR/MIF/RBP4/BMP2/CXCL12/F2RL1/ABCG1/SPP1/NPR1/PLA2G1B/SLC6A4/AQP1/GABBR1/SOX4",19
"BP","GO:0090596","sensory organ morphogenesis","12/652","153/18842",0.0784313725490196,2.26657043185372,2.97811491540845,0.00699399705425113,0.037949377518193,0.0125866611741121,"EFEMP1/COL5A2/COL5A1/TFAP2A/RBP4/TBX3/EDNRA/FGFR2/FOXF2/SOBP/SOX4/TBX2",12
"BP","GO:0098771","inorganic ion homeostasis","24/652","402/18842",0.0597014925373134,1.72529988096328,2.78297687426571,0.00701257386238969,0.0380044417614364,0.0126049243188023,"SLC39A8/EDN1/LCN2/BMP2/CXCL12/MT1M/CDH5/FXYD1/EDNRA/SLC1A1/WFS1/CCL14/NPR1/CAV2/BOLA2/AGTR1/FGFR4/STK39/CAV1/CP/EDNRB/ATP2A2/FXYD6/BOLA2B",24
"BP","GO:0030858","positive regulation of epithelial cell differentiation","7/652","65/18842",0.107692307692308,3.11217555450684,3.22948305581349,0.00704289733863962,0.0381229581031525,0.0126442326061664,"WFDC2/CD24/TMEM100/ZEB2/BMP2/ZBED2/SFN",7
"BP","GO:1903037","regulation of leukocyte cell-cell adhesion","22/652","359/18842",0.0612813370473538,1.77095544884393,2.7922204138144,0.00716855637423347,0.0382799918727913,0.0126963159598496,"TNFRSF21/IL6/HSPD1/CDKN2A/MDK/CD24/TGFBR2/HLA-E/SFTPD/CD55/ZBTB16/CXCL12/AGER/VSIG4/IL7R/NR4A3/KLF4/IGFBP2/CAV1/EFNB2/SOX4/ALOX5",22
"BP","GO:0000022","mitotic spindle elongation","3/652","12/18842",0.25,7.22469325153374,4.08359666727943,0.0071822739242363,0.0382799918727913,0.0126963159598496,"BIRC5/PRC1/KIF4A",3
"BP","GO:0010716","negative regulation of extracellular matrix disassembly","3/652","12/18842",0.25,7.22469325153374,4.08359666727943,0.0071822739242363,0.0382799918727913,0.0126963159598496,"TIMP3/FAP/RECK",3
"BP","GO:0032341","aldosterone metabolic process","3/652","12/18842",0.25,7.22469325153374,4.08359666727943,0.0071822739242363,0.0382799918727913,0.0126963159598496,"BMP2/DKK3/EDNRB",3
"BP","GO:0032908","regulation of transforming growth factor beta1 production","3/652","12/18842",0.25,7.22469325153374,4.08359666727943,0.0071822739242363,0.0382799918727913,0.0126963159598496,"LAPTM4B/GATA6/TYROBP",3
"BP","GO:0043129","surfactant homeostasis","3/652","12/18842",0.25,7.22469325153374,4.08359666727943,0.0071822739242363,0.0382799918727913,0.0126963159598496,"SFTPD/ADGRF5/ABCA3",3
"BP","GO:0044849","estrous cycle","3/652","12/18842",0.25,7.22469325153374,4.08359666727943,0.0071822739242363,0.0382799918727913,0.0126963159598496,"MDK/EGR1/PTN",3
"BP","GO:0051443","positive regulation of ubiquitin-protein transferase activity","3/652","12/18842",0.25,7.22469325153374,4.08359666727943,0.0071822739242363,0.0382799918727913,0.0126963159598496,"UBE2S/UBE2C/CDC20",3
"BP","GO:0062042","regulation of cardiac epithelial to mesenchymal transition","3/652","12/18842",0.25,7.22469325153374,4.08359666727943,0.0071822739242363,0.0382799918727913,0.0126963159598496,"EMP2/TGFBR2/ENG",3
"BP","GO:0086100","endothelin receptor signaling pathway","3/652","12/18842",0.25,7.22469325153374,4.08359666727943,0.0071822739242363,0.0382799918727913,0.0126963159598496,"EDN1/EDNRA/EDNRB",3
"BP","GO:0097646","calcitonin family receptor signaling pathway","3/652","12/18842",0.25,7.22469325153374,4.08359666727943,0.0071822739242363,0.0382799918727913,0.0126963159598496,"RAMP3/RAMP2/CALCRL",3
"BP","GO:0098911","regulation of ventricular cardiac muscle cell action potential","3/652","12/18842",0.25,7.22469325153374,4.08359666727943,0.0071822739242363,0.0382799918727913,0.0126963159598496,"DSG2/DSP/CAV1",3
"BP","GO:1905651","regulation of artery morphogenesis","3/652","12/18842",0.25,7.22469325153374,4.08359666727943,0.0071822739242363,0.0382799918727913,0.0126963159598496,"EDN1/MDK/AKT3",3
"BP","GO:0006692","prostanoid metabolic process","6/652","50/18842",0.12,3.4678527607362,3.30808887110272,0.00731109597691104,0.0388288948879763,0.0128783704946379,"EDN1/FABP5/MIF/HPGD/PLA2G4A/PTGDS",6
"BP","GO:0070169","positive regulation of biomineral tissue development","6/652","50/18842",0.12,3.4678527607362,3.30808887110272,0.00731109597691104,0.0388288948879763,0.0128783704946379,"TFAP2A/GPM6B/BMP2/KL/PTN/ALOX5",6
"BP","GO:1903573","negative regulation of response to endoplasmic reticulum stress","6/652","50/18842",0.12,3.4678527607362,3.30808887110272,0.00731109597691104,0.0388288948879763,0.0128783704946379,"AKT3/CLU/WFS1/PPP1R15A/MAGEA3/ALOX5",6
"BP","GO:0008277","regulation of G protein-coupled receptor signaling pathway","12/652","154/18842",0.0779220779220779,2.25185244203649,2.95319083319285,0.00735433518165893,0.0389667418732081,0.0129240901720201,"EDN1/RGS5/RGS17/ADRB2/RAMP3/RAMP2/KCTD12/SLIT2/CAV2/ARRB1/GRK5/INPP5A",12
"BP","GO:1904375","regulation of protein localization to cell periphery","12/652","154/18842",0.0779220779220779,2.25185244203649,2.95319083319285,0.00735433518165893,0.0389667418732081,0.0129240901720201,"SPTBN1/NETO2/PID1/EPB41L2/CACNA2D2/RAMP3/ARRB1/SORBS1/PIK3R1/SFN/AGR2/ARHGAP44",12
"BP","GO:0019915","lipid storage","8/652","82/18842",0.0975609756097561,2.81939248840341,3.12590899091183,0.0074052524773322,0.0390938930504673,0.0129662623732712,"IL6/ACACB/ABCG1/CES1/LPL/CD36/CAV1/MSR1",8
"BP","GO:0007588","excretion","4/652","23/18842",0.173913043478261,5.02587356628434,3.65750730015698,0.00744769441790893,0.0390938930504673,0.0129662623732712,"MDK/NPR1/AGTR1/EDNRB",4
"BP","GO:0019755","one-carbon compound transport","4/652","23/18842",0.173913043478261,5.02587356628434,3.65750730015698,0.00744769441790893,0.0390938930504673,0.0129662623732712,"HBB/HBA1/HBA2/AQP1",4
"BP","GO:0046033","AMP metabolic process","4/652","23/18842",0.173913043478261,5.02587356628434,3.65750730015698,0.00744769441790893,0.0390938930504673,0.0129662623732712,"PAICS/AK4/HPRT1/AK1",4
"BP","GO:0048806","genitalia development","4/652","23/18842",0.173913043478261,5.02587356628434,3.65750730015698,0.00744769441790893,0.0390938930504673,0.0129662623732712,"SRD5A1/RBP4/TBX3/FOXF2",4
"BP","GO:0050926","regulation of positive chemotaxis","4/652","23/18842",0.173913043478261,5.02587356628434,3.65750730015698,0.00744769441790893,0.0390938930504673,0.0129662623732712,"VEGFD/CXCL12/F2RL1/S1PR1",4
"BP","GO:0110096","cellular response to aldehyde","4/652","23/18842",0.173913043478261,5.02587356628434,3.65750730015698,0.00744769441790893,0.0390938930504673,0.0129662623732712,"COL1A1/ALDH2/ALDH1A1/TIMP1",4
"BP","GO:2001044","regulation of integrin-mediated signaling pathway","4/652","23/18842",0.173913043478261,5.02587356628434,3.65750730015698,0.00744769441790893,0.0390938930504673,0.0129662623732712,"EMP2/PLAU/LIMS2/TIMP1",4
"BP","GO:0033260","nuclear DNA replication","5/652","36/18842",0.138888888888889,4.0137184730743,3.42661362819346,0.00757807965589967,0.0395481032042264,0.0131169101488366,"MCM4/FEN1/GMNN/DACH1/GINS1",5
"BP","GO:0042307","positive regulation of protein import into nucleus","5/652","36/18842",0.138888888888889,4.0137184730743,3.42661362819346,0.00757807965589967,0.0395481032042264,0.0131169101488366,"HYAL2/CDK1/CDH1/ECT2/PIK3R1",5
"BP","GO:0045730","respiratory burst","5/652","36/18842",0.138888888888889,4.0137184730743,3.42661362819346,0.00757807965589967,0.0395481032042264,0.0131169101488366,"CD24/CD55/CD52/IGHA1/IGHA2",5
"BP","GO:1902547","regulation of cellular response to vascular endothelial growth factor stimulus","5/652","36/18842",0.138888888888889,4.0137184730743,3.42661362819346,0.00757807965589967,0.0395481032042264,0.0131169101488366,"ANGPT1/DCN/JCAD/SEMA6A/GREM1",5
"BP","GO:1904035","regulation of epithelial cell apoptotic process","5/652","36/18842",0.138888888888889,4.0137184730743,3.42661362819346,0.00757807965589967,0.0395481032042264,0.0131169101488366,"IL6/MDK/WFS1/ZFP36/PLA2G1B",5
"BP","GO:0048662","negative regulation of smooth muscle cell proliferation","7/652","66/18842",0.106060606060606,3.06502137943856,3.18166466598069,0.00764966609197503,0.0398755426690352,0.0132255119196194,"RGS5/OGN/BMP2/KLF4/CNN1/NPR1/IGFBP3",7
"BP","GO:0008361","regulation of cell size","11/652","136/18842",0.0808823529411765,2.33740075784915,2.96346619337727,0.00768516485007298,0.0400143283013615,0.0132715429178641,"EDN1/TRPV2/SEMA3G/CXCL12/CDH1/SPP1/AQP4/STK39/MACF1/AQP1/SEMA5A",11
"BP","GO:0022408","negative regulation of cell-cell adhesion","14/652","194/18842",0.0721649484536082,2.08547846436026,2.87716898042701,0.00772836753918177,0.0401928595549834,0.0133307563370368,"RGCC/TNFRSF21/CDKN2A/MDK/HLA-E/SFTPD/CEACAM1/BMP2/CXCL12/VSIG4/CDH1/PODXL/KLF4/EPCAM",14
"BP","GO:0022409","positive regulation of cell-cell adhesion","19/652","297/18842",0.063973063973064,1.84874305426453,2.79126109379705,0.0077522655572395,0.0402706974626646,0.0133565728176896,"PLPP3/IL6/HSPD1/MDK/CD24/TGFBR2/HLA-E/CD55/ZBTB16/AGER/IL7R/NR4A3/PODXL/IGFBP2/CXCL13/CAV1/EFNB2/SOX4/ALOX5",19
"BP","GO:0001938","positive regulation of endothelial cell proliferation","9/652","100/18842",0.09,2.60088957055215,3.03887496718414,0.00781600166103377,0.0405550650052949,0.0134508889341078,"NR4A1/MDK/GATA2/AKT3/JCAD/CXCL12/TEK/AGTR1/SEMA5A",9
"BP","GO:0002011","morphogenesis of an epithelial sheet","6/652","51/18842",0.117647058823529,3.39985564778058,3.24903720423191,0.00804951061457147,0.0416707730896702,0.0138209355737534,"COL5A1/CEACAM1/FLRT3/HBEGF/FERMT2/MMP12",6
"BP","GO:0072078","nephron tubule morphogenesis","6/652","51/18842",0.117647058823529,3.39985564778058,3.24903720423191,0.00804951061457147,0.0416707730896702,0.0138209355737534,"TCF21/GPC3/BMP2/LGR4/AGTR2/GREM1",6
"BP","GO:0003170","heart valve development","7/652","67/18842",0.104477611940299,3.01927479168574,3.13474541095582,0.00829418338497653,0.0428881569757559,0.0142247050027944,"TGFBR2/BMP2/SLIT2/HEY1/TIE1/SOX4/SMAD6",7
"BP","GO:1901875","positive regulation of post-translational protein modification","10/652","119/18842",0.0840336134453782,2.42846831984327,2.95948265050443,0.00833246817931641,0.0430367686375002,0.0142739949979202,"ANGPT1/CDKN2A/UBE2S/WFS1/EGR1/UBE2C/FAM107A/CAV1/INAVA/CDC20",10
"BP","GO:0002691","regulation of cellular extravasation","5/652","37/18842",0.135135135135135,3.90523959542364,3.34892615106728,0.0085181770923771,0.0437725264213258,0.0145180236101626,"MDK/CXCL12/AGER/PTGER4/LYVE1",5
"BP","GO:0031641","regulation of myelination","5/652","37/18842",0.135135135135135,3.90523959542364,3.34892615106728,0.0085181770923771,0.0437725264213258,0.0145180236101626,"TNFRSF21/QKI/MYRF/PTN/JAM2",5
"BP","GO:0010563","negative regulation of phosphorus metabolic process","12/652","157/18842",0.0764331210191083,2.20882341448165,2.87955621819646,0.00852345934751032,0.0437725264213258,0.0145180236101626,"PGK1/CDKN2A/CEACAM1/PID1/FBLN1/IL7R/GPRC5A/SLIT2/FBP1/ADARB1/IGFBP3/SFN",12
"BP","GO:0043535","regulation of blood vessel endothelial cell migration","12/652","157/18842",0.0764331210191083,2.20882341448165,2.87955621819646,0.00852345934751032,0.0437725264213258,0.0145180236101626,"RGCC/SRPX2/ANGPT1/GATA2/AKT3/MMRN2/STARD13/TGFBR3/JCAD/KLF4/AGTR2/GREM1",12
"BP","GO:0045936","negative regulation of phosphate metabolic process","12/652","157/18842",0.0764331210191083,2.20882341448165,2.87955621819646,0.00852345934751032,0.0437725264213258,0.0145180236101626,"PGK1/CDKN2A/CEACAM1/PID1/FBLN1/IL7R/GPRC5A/SLIT2/FBP1/ADARB1/IGFBP3/SFN",12
"BP","GO:0006706","steroid catabolic process","4/652","24/18842",0.166666666666667,4.81646216768916,3.54192428791952,0.00869691025746419,0.0441603247194888,0.0146466445811004,"SRD5A1/HSD17B6/SPP1/CYP24A1",4
"BP","GO:0010460","positive regulation of heart rate","4/652","24/18842",0.166666666666667,4.81646216768916,3.54192428791952,0.00869691025746419,0.0441603247194888,0.0146466445811004,"NMU/EDN1/SLC1A1/ATP2A2",4
"BP","GO:0014850","response to muscle activity","4/652","24/18842",0.166666666666667,4.81646216768916,3.54192428791952,0.00869691025746419,0.0441603247194888,0.0146466445811004,"SRD5A1/RBP4/CAPN3/SLC7A5",4
"BP","GO:0030262","apoptotic nuclear changes","4/652","24/18842",0.166666666666667,4.81646216768916,3.54192428791952,0.00869691025746419,0.0441603247194888,0.0146466445811004,"NME1/IL6/TOP2A/DNASE1L3",4
"BP","GO:0032703","negative regulation of interleukin-2 production","4/652","24/18842",0.166666666666667,4.81646216768916,3.54192428791952,0.00869691025746419,0.0441603247194888,0.0146466445811004,"SFTPD/CD34/VSIG4/ZFP36",4
"BP","GO:0048546","digestive tract morphogenesis","4/652","24/18842",0.166666666666667,4.81646216768916,3.54192428791952,0.00869691025746419,0.0441603247194888,0.0146466445811004,"FOXF1/TCF21/FGFR2/AGR2",4
"BP","GO:0061615","glycolytic process through fructose-6-phosphate","4/652","24/18842",0.166666666666667,4.81646216768916,3.54192428791952,0.00869691025746419,0.0441603247194888,0.0146466445811004,"GAPDH/PGK1/ENO1/PFKP",4
"BP","GO:0090023","positive regulation of neutrophil chemotaxis","4/652","24/18842",0.166666666666667,4.81646216768916,3.54192428791952,0.00869691025746419,0.0441603247194888,0.0146466445811004,"EDN1/MDK/PERP/C5AR1",4
"BP","GO:0090205","positive regulation of cholesterol metabolic process","4/652","24/18842",0.166666666666667,4.81646216768916,3.54192428791952,0.00869691025746419,0.0441603247194888,0.0146466445811004,"QKI/ABCG1/CES1/AGTR1",4
"BP","GO:0150105","protein localization to cell-cell junction","4/652","24/18842",0.166666666666667,4.81646216768916,3.54192428791952,0.00869691025746419,0.0441603247194888,0.0146466445811004,"DSG2/PECAM1/CDH5/DSP",4
"BP","GO:0001885","endothelial cell development","6/652","52/18842",0.115384615384615,3.33447380840019,3.19144019575506,0.00884004310077297,0.0446858232526741,0.0148209365568127,"CLDN5/PECAM1/F2RL1/CDH5/DSP/CLDN3",6
"BP","GO:0006940","regulation of smooth muscle contraction","6/652","52/18842",0.115384615384615,3.33447380840019,3.19144019575506,0.00884004310077297,0.0446858232526741,0.0148209365568127,"NMU/EDN1/ADRB2/CNN1/DOCK4/CAV1",6
"BP","GO:0042306","regulation of protein import into nucleus","6/652","52/18842",0.115384615384615,3.33447380840019,3.19144019575506,0.00884004310077297,0.0446858232526741,0.0148209365568127,"HYAL2/CDK1/CDH1/CD36/ECT2/PIK3R1",6
"BP","GO:0051785","positive regulation of nuclear division","6/652","52/18842",0.115384615384615,3.33447380840019,3.19144019575506,0.00884004310077297,0.0446858232526741,0.0148209365568127,"EDN1/DLGAP5/NUSAP1/AURKA/UBE2C/CDC20",6
"BP","GO:2000377","regulation of reactive oxygen species metabolic process","11/652","139/18842",0.079136690647482,2.28695325947831,2.88319463039395,0.00899348524479378,0.045410554276344,0.0150613079260908,"TGFBR2/LCN2/TFAP2A/PID1/FBLN5/F2RL1/TYROBP/AGTR1/CRYAB/CD36/ALOX5",11
"BP","GO:0000101","sulfur amino acid transport","3/652","13/18842",0.230769230769231,6.66894761680038,3.8709709801645,0.00909955388479127,0.0455887649628043,0.0151204150228279,"SLC7A11/SLC7A5/SLC1A1",3
"BP","GO:0001765","membrane raft assembly","3/652","13/18842",0.230769230769231,6.66894761680038,3.8709709801645,0.00909955388479127,0.0455887649628043,0.0151204150228279,"EMP2/CAV2/CAV1",3
"BP","GO:0006971","hypotonic response","3/652","13/18842",0.230769230769231,6.66894761680038,3.8709709801645,0.00909955388479127,0.0455887649628043,0.0151204150228279,"MYLK/FBP1/STK39",3
"BP","GO:0007100","mitotic centrosome separation","3/652","13/18842",0.230769230769231,6.66894761680038,3.8709709801645,0.00909955388479127,0.0455887649628043,0.0151204150228279,"KIF11/AURKA/NEK2",3
"BP","GO:0008212","mineralocorticoid metabolic process","3/652","13/18842",0.230769230769231,6.66894761680038,3.8709709801645,0.00909955388479127,0.0455887649628043,0.0151204150228279,"BMP2/DKK3/EDNRB",3
"BP","GO:0051255","spindle midzone assembly","3/652","13/18842",0.230769230769231,6.66894761680038,3.8709709801645,0.00909955388479127,0.0455887649628043,0.0151204150228279,"BIRC5/PRC1/KIF4A",3
"BP","GO:0071472","cellular response to salt stress","3/652","13/18842",0.230769230769231,6.66894761680038,3.8709709801645,0.00909955388479127,0.0455887649628043,0.0151204150228279,"CAPN3/FBP1/AQP1",3
"BP","GO:0050670","regulation of lymphocyte proliferation","14/652","198/18842",0.0707070707070707,2.04334758629237,2.79416138717981,0.00916973289449557,0.0458893736085245,0.015220117822113,"TNFRSF21/IL6/CDKN2A/CD24/TGFBR2/HLA-E/SFTPD/MIF/CD55/AGER/VSIG4/MNDA/TYROBP/IGFBP2",14
"BP","GO:0045664","regulation of neuron differentiation","10/652","121/18842",0.0826446280991736,2.38832834761446,2.90054613805977,0.0093238164210305,0.046608745279852,0.015458711656252,"TCF4/GATA2/BMP2/CXCL12/PCP4/HEY1/SLC6A4/EDNRB/ECT2/DMD",10
"BP","GO:0045807","positive regulation of endocytosis","12/652","159/18842",0.0754716981132075,2.18103947216113,2.83138606972918,0.00938017063850954,0.0468385264773417,0.0155349231323321,"GAS6/ANGPT1/GATA2/SFTPD/GPC3/CLU/F2RL1/FCN3/NEDD4L/ARRB1/GREM1/CFB",12
"BP","GO:0031401","positive regulation of protein modification process","21/652","346/18842",0.0606936416184971,1.75397177204865,2.67986952962727,0.00940545329761603,0.0468769167304518,0.0155476560186108,"MMP9/GAS6/IL6/TPX2/ANGPT1/CDKN2A/BMP2/UBE2S/SASH1/WFS1/EGR1/LIMCH1/UBE2C/NEDD9/ARRB1/EZH2/FAM107A/CAV1/INAVA/CDC20/ECT2",21
"BP","GO:0006631","fatty acid metabolic process","23/652","390/18842",0.058974358974359,1.70428661318232,2.66084414552594,0.00940865150611197,0.0468769167304518,0.0155476560186108,"NME1/EDN1/PGK1/FABP5/CYP2B6/ACACB/PDK4/MIF/CEACAM1/HPGD/CYP4B1/PLA2G4A/CES1/KAT2B/SLC27A3/LPL/CD36/CAV1/GDF15/PLA2G1B/PTGDS/ACADL/ALOX5",23
"BP","GO:0001658","branching involved in ureteric bud morphogenesis","5/652","38/18842",0.131578947368421,3.80247013238618,3.27391268720711,0.00953596040646609,0.0473021402340546,0.0156886897986919,"TCF21/BMP2/LGR4/AGTR2/GREM1",5
"BP","GO:0048246","macrophage chemotaxis","5/652","38/18842",0.131578947368421,3.80247013238618,3.27391268720711,0.00953596040646609,0.0473021402340546,0.0156886897986919,"MDK/SFTPD/MIF/C5AR1/EDNRB",5
"BP","GO:0097028","dendritic cell differentiation","5/652","38/18842",0.131578947368421,3.80247013238618,3.27391268720711,0.00953596040646609,0.0473021402340546,0.0156886897986919,"GAS6/TGFBR2/AGER/F2RL1/UBD",5
"BP","GO:1900101","regulation of endoplasmic reticulum unfolded protein response","5/652","38/18842",0.131578947368421,3.80247013238618,3.27391268720711,0.00953596040646609,0.0473021402340546,0.0156886897986919,"AKT3/WFS1/PPP1R15A/PIK3R1/AGR2",5
"BP","GO:0002696","positive regulation of leukocyte activation","20/652","325/18842",0.0615384615384615,1.77838603114677,2.67985208577104,0.00962541286767237,0.047600931812939,0.0157877899318441,"GAS6/IL6/HSPD1/MDK/CD24/TGFBR2/HLA-E/MIF/CD55/ZBTB16/AGER/PLA2G4A/IL7R/NR4A3/TYROBP/IL33/IGFBP2/CAV1/SOX4/IL1RL1",20
"BP","GO:0001654","eye development","17/652","261/18842",0.0651340996168582,1.88229555978657,2.717435400541,0.00963746349202848,0.047600931812939,0.0157877899318441,"CHRDL1/EFEMP1/COL5A2/COL5A1/TFAP2A/MEIS1/GPM6A/RBP4/ZEB2/FOS/SLC1A1/MEIS2/FOXF2/SOX4/TBX2/DMD/CLDN3",17
"BP","GO:0070830","bicellular tight junction assembly","6/652","53/18842",0.113207547169811,3.27155920824169,3.13523129792258,0.00968460495954946,0.047600931812939,0.0157877899318441,"CLDN5/PECAM1/RAMP2/CDH5/ECT2/CLDN3",6
"BP","GO:0071470","cellular response to osmotic stress","6/652","53/18842",0.113207547169811,3.27155920824169,3.13523129792258,0.00968460495954946,0.047600931812939,0.0157877899318441,"MYLK/SLC2A1/CAPN3/FBP1/STK39/AQP1",6
"BP","GO:0072028","nephron morphogenesis","6/652","53/18842",0.113207547169811,3.27155920824169,3.13523129792258,0.00968460495954946,0.047600931812939,0.0157877899318441,"TCF21/GPC3/BMP2/LGR4/AGTR2/GREM1",6
"BP","GO:0072088","nephron epithelium morphogenesis","6/652","53/18842",0.113207547169811,3.27155920824169,3.13523129792258,0.00968460495954946,0.047600931812939,0.0157877899318441,"TCF21/GPC3/BMP2/LGR4/AGTR2/GREM1",6
"BP","GO:0090181","regulation of cholesterol metabolic process","6/652","53/18842",0.113207547169811,3.27155920824169,3.13523129792258,0.00968460495954946,0.047600931812939,0.0157877899318441,"LDLR/QKI/ABCG1/CES1/AGTR1/ACADL",6
"BP","GO:1905517","macrophage migration","6/652","53/18842",0.113207547169811,3.27155920824169,3.13523129792258,0.00968460495954946,0.047600931812939,0.0157877899318441,"MDK/CX3CR1/SFTPD/MIF/C5AR1/EDNRB",6
"BP","GO:0006576","biogenic amine metabolic process","7/652","69/18842",0.101449275362319,2.93175958033253,3.04347825504963,0.00970176454559568,0.047600931812939,0.0157877899318441,"MAOA/HPRT1/ALDH2/KL/EDNRA/SLC1A1/NPR1",7
"BP","GO:0120193","tight junction organization","7/652","69/18842",0.101449275362319,2.93175958033253,3.04347825504963,0.00970176454559568,0.047600931812939,0.0157877899318441,"CLDN5/PECAM1/RAMP2/CDH5/CLDN18/ECT2/CLDN3",7
"BP","GO:0007586","digestion","10/652","122/18842",0.0819672131147541,2.36875188574877,2.87151538029077,0.00985209194730339,0.0482335315856579,0.015997604150647,"NMU/LDLR/MDK/RBP4/MUC4/CD36/STK39/AQP1/PGC/INAVA",10
"BP","GO:0009132","nucleoside diphosphate metabolic process","10/652","122/18842",0.0819672131147541,2.36875188574877,2.87151538029077,0.00985209194730339,0.0482335315856579,0.015997604150647,"GPI/NME1/GAPDH/AK4/PGK1/RRM2/ENO1/FBP1/AK1/PFKP",10
"BP","GO:0032944","regulation of mononuclear cell proliferation","14/652","200/18842",0.07,2.02291411042945,2.75338751358864,0.00996574784495013,0.0487370466734058,0.0161646048821477,"TNFRSF21/IL6/CDKN2A/CD24/TGFBR2/HLA-E/SFTPD/MIF/CD55/AGER/VSIG4/MNDA/TYROBP/IGFBP2",14
"BP","GO:0050770","regulation of axonogenesis","9/652","104/18842",0.0865384615384615,2.50085535630014,2.90571700463371,0.0100059904124888,0.0488808350703272,0.0162122951461566,"TRPV2/NTRK2/SEMA3G/CXCL12/CDH1/SLIT2/SPP1/MACF1/SEMA5A",9
"BP","GO:0006007","glucose catabolic process","4/652","25/18842",0.16,4.6238036809816,3.43256600296486,0.010075423340969,0.0489021354622487,0.0162193598421682,"GAPDH/PGK1/ENO1/PFKP",4
"BP","GO:0006972","hyperosmotic response","4/652","25/18842",0.16,4.6238036809816,3.43256600296486,0.010075423340969,0.0489021354622487,0.0162193598421682,"SLC2A1/FBP1/STK39/AQP1",4
"BP","GO:0010458","exit from mitosis","4/652","25/18842",0.16,4.6238036809816,3.43256600296486,0.010075423340969,0.0489021354622487,0.0162193598421682,"RGCC/UBE2S/BIRC5/UBE2C",4
"BP","GO:0035313","wound healing, spreading of epidermal cells","4/652","25/18842",0.16,4.6238036809816,3.43256600296486,0.010075423340969,0.0489021354622487,0.0162193598421682,"COL5A1/HBEGF/FERMT2/MMP12",4
"BP","GO:0050869","negative regulation of B cell activation","4/652","25/18842",0.16,4.6238036809816,3.43256600296486,0.010075423340969,0.0489021354622487,0.0162193598421682,"TNFRSF21/CDKN2A/MNDA/TYROBP",4
"BP","GO:1904996","positive regulation of leukocyte adhesion to vascular endothelial cell","4/652","25/18842",0.16,4.6238036809816,3.43256600296486,0.010075423340969,0.0489021354622487,0.0162193598421682,"IL6/MDK/EFNB2/ALOX5",4
"CC","GO:0072562","blood microparticle","29/669","145/19979",0.2,5.97279521674141,11.1860652448065,6.35032194632897e-15,2.92749841725765e-12,2.92749841725765e-12,"HBB/IGHG1/IGKV1-17/IGLV3-25/PROS1/SERPING1/IGKC/HBA1/IGHV3-23/A2M/SLC2A1/C4BPA/IGHD/IGHM/CLU/IGKV2D-28/IGHA1/FCN3/IGHG3/IGKV4-1/ENG/IGHA2/CP/HBA2/BCHE/CFB/IGKV1-39/STOM/C1QB",29
"CC","GO:0005614","interstitial matrix","20/669","98/19979",0.204081632653061,6.0946889966749,9.41043131894907,7.02248452129355e-11,1.31980768871736e-08,1.31980768871736e-08,"COL1A1/COL5A2/MFAP4/OGN/COL5A1/TNC/PRELP/DCN/FBLN5/FBLN1/ECM2/SPOCK2/COL11A1/LTBP4/COMP/THBS2/COL1A2/VCAN/COL10A1/COL3A1",20
"CC","GO:0019814","immunoglobulin complex","27/669","183/19979",0.147540983606557,4.40616040579284,8.6158840348192,9.65421531419305e-11,1.31980768871736e-08,1.31980768871736e-08,"IGHG1/IGKV2-28/IGKV1-17/IGLV3-25/IGKV1D-13/IGKC/IGHV3-23/IGHV1-69-2/IGHD/IGHM/IGLV3-19/IGHV3-21/IGKV2D-28/IGHV1-69/IGKV1-37/IGHV3-48/IGHA1/IGHG3/IGLV2-14/IGKV4-1/IGHA2/IGKV1D-39/IGKV1-39/IGHV4-31/IGLV3-10/IGLL5/IGKV1D-37",27
"CC","GO:0045121","membrane raft","35/669","298/19979",0.11744966442953,3.50751396956291,8.11756619803809,1.18912743353785e-10,1.31980768871736e-08,1.31980768871736e-08,"PLPP3/EMP2/MME/PGK1/ANGPT1/CD24/TGFBR2/SLC2A1/PTCH1/PECAM1/HYAL2/CD55/PLPP2/PLLP/RECK/GPM6B/S1PR1/FXYD1/CDH1/SLC1A1/PODXL/TEK/CAV2/AHNAK/CAVIN2/CD36/CAV1/SORBS1/SLC6A4/DLC1/SULF1/DMD/CAVIN1/OLR1/STOM",35
"CC","GO:0098857","membrane microdomain","35/669","300/19979",0.116666666666667,3.48413054309915,8.06921812802937,1.43146170142881e-10,1.31980768871736e-08,1.31980768871736e-08,"PLPP3/EMP2/MME/PGK1/ANGPT1/CD24/TGFBR2/SLC2A1/PTCH1/PECAM1/HYAL2/CD55/PLPP2/PLLP/RECK/GPM6B/S1PR1/FXYD1/CDH1/SLC1A1/PODXL/TEK/CAV2/AHNAK/CAVIN2/CD36/CAV1/SORBS1/SLC6A4/DLC1/SULF1/DMD/CAVIN1/OLR1/STOM",35
"CC","GO:0140151","solid phase of interstitial matrix","15/669","64/19979",0.234375,6.99936939461883,8.94753408038116,2.22221252480028e-09,1.70739995655488e-07,1.70739995655488e-07,"COL1A1/COL5A2/MFAP4/COL5A1/DCN/FBLN5/FBLN1/COL11A1/LTBP4/COMP/THBS2/COL1A2/VCAN/COL10A1/COL3A1",15
"CC","GO:0005788","endoplasmic reticulum lumen","35/669","338/19979",0.103550295857988,3.09242355896375,7.22144453389176,3.56935739838464e-09,2.35067680093617e-07,2.35067680093617e-07,"CHRDL1/COL1A1/GAS6/COL5A2/IL6/EDN1/SERPING1/EOGT/COL5A1/GOLM1/MMRN2/GPC3/TNC/CLU/CES1/COL11A1/CDH1/WFS1/SPARCL1/SPP1/P3H2/F8/COL1A2/VCAN/COL10A1/COL4A3/CP/PDIA4/BCHE/NEK2/TIMP1/IGFBP3/COL3A1/COL4A5/COL13A1",35
"CC","GO:0045178","basal part of cell","32/669","324/19979",0.0987654320987654,2.94952850209452,6.58511701130695,5.15440016531292e-08,2.97022309526157e-06,2.97022309526157e-06,"PLPP3/SLC39A8/LEPR/FOLR1/EDN1/LDLR/FAP/SLC2A1/CD34/CEACAM1/SLC16A3/TGFBR3/HPGD/SLC7A5/DST/ABCC3/AURKA/EPCAM/DSP/SLCO2A1/TEK/NEDD9/CEACAM5/CADM1/AQP4/C5AR1/STK39/CAV1/AQP1/ABCA8/CLDN4/ST14",32
"CC","GO:0043292","contractile muscle fiber","27/669","253/19979",0.106719367588933,3.18706464134423,6.51628832053695,1.19363594325959e-07,6.11406855380746e-06,6.11406855380745e-06,"SYNPO/SYNM/SPTBN1/DNAJB4/SYNE1/MYH11/SLC2A1/KRT19/PECAM1/ENO1/CAPN3/SYNC/DST/LMOD1/KAT2B/PDLIM2/DES/FHL5/AHNAK/NEBL/CRYAB/KRT8/FHL2/MYL9/TNNC1/FERMT2/DMD",27
"CC","GO:0009925","basal plasma membrane","30/669","305/19979",0.0983606557377049,2.93744027052856,6.34643498028836,1.47442514431253e-07,6.79709991528078e-06,6.79709991528078e-06,"PLPP3/SLC39A8/LEPR/FOLR1/LDLR/SLC2A1/CD34/CEACAM1/SLC16A3/TGFBR3/HPGD/SLC7A5/DST/ABCC3/AURKA/EPCAM/DSP/SLCO2A1/TEK/NEDD9/CEACAM5/CADM1/AQP4/C5AR1/STK39/CAV1/AQP1/ABCA8/CLDN4/ST14",30
"CC","GO:0005583","fibrillar collagen trimer","6/669","11/19979",0.545454545454545,16.2894415002038,9.44101323731429,5.51709165221064e-07,2.11948270972425e-05,2.11948270972426e-05,"COL1A1/COL5A2/COL5A1/COL11A1/COL1A2/COL3A1",6
"CC","GO:0098643","fibrillar collagen complex","6/669","11/19979",0.545454545454545,16.2894415002038,9.44101323731429,5.51709165221064e-07,2.11948270972425e-05,2.11948270972426e-05,"COL1A1/COL5A2/COL5A1/COL11A1/COL1A2/COL3A1",6
"CC","GO:0030016","myofibril","25/669","243/19979",0.102880658436214,3.07242552301513,6.0499310786983,6.97246803529856e-07,2.47254443405587e-05,2.47254443405587e-05,"SYNPO/SYNM/SPTBN1/DNAJB4/SYNE1/SLC2A1/KRT19/ENO1/CAPN3/SYNC/DST/LMOD1/KAT2B/PDLIM2/DES/FHL5/AHNAK/NEBL/CRYAB/KRT8/FHL2/MYL9/TNNC1/FERMT2/DMD",25
"CC","GO:0005581","collagen trimer","10/669","42/19979",0.238095238095238,7.11047049612072,7.37848703740126,9.24840300244657e-07,3.04536698866276e-05,3.04536698866276e-05,"COL1A1/COL5A2/COL5A1/COL11A1/COL1A2/COL10A1/COL4A3/COL3A1/COL4A5/COL13A1",10
"CC","GO:0042571","immunoglobulin complex, circulating","6/669","12/19979",0.5,14.9319880418535,8.98556175836751,1.07211311647003e-06,3.29496097795124e-05,3.29496097795124e-05,"IGHG1/IGHD/IGHM/IGHA1/IGHG3/IGHA2",6
"CC","GO:0042383","sarcolemma","18/669","142/19979",0.126760563380282,3.78557443314596,6.2003880363679,1.29543981439341e-06,3.732485965221e-05,3.732485965221e-05,"SYNM/SLC2A1/KRT19/CAPN3/CACNA2D2/SYNC/FXYD1/ANXA8L1/DES/CAV2/AHNAK2/AHNAK/AQP4/ANXA8/KRT8/CAV1/AQP1/DMD",18
"CC","GO:0030055","cell-substrate junction","34/669","414/19979",0.0821256038647343,2.45259706967642,5.55908525575836,1.54929560706785e-06,3.94754499695028e-05,3.94754499695028e-05,"MCAM/HMGA1/MME/FHL1/ADGRE5/FAP/PLAU/NFASC/TNC/RRAS/EPB41L2/TNS1/ITGA8/DST/PDLIM2/CNN1/FLRT3/TEK/NEDD9/CAV2/AHNAK/ENG/LMO7/CAT/FAM107A/CAV1/SORBS1/EFNB2/LIMS2/SLC6A4/DLC1/FHL2/FERMT2/DMD",34
"CC","GO:0098644","complex of collagen trimers","9/669","35/19979",0.257142857142857,7.67930813581038,7.36134708423794,1.62206657093402e-06,3.94754499695028e-05,3.94754499695028e-05,"COL1A1/COL5A2/COL5A1/COL11A1/COL1A2/COL10A1/COL4A3/COL3A1/COL4A5",9
"CC","GO:0005604","basement membrane","15/669","103/19979",0.145631067961165,4.34912273063695,6.34283052422962,1.69836016942959e-06,3.94754499695028e-05,3.94754499695028e-05,"MATN2/COL5A1/TIMP3/MMRN2/TNC/FBLN1/LAMA4/DST/THBS2/P3H2/ADAMTS1/COL4A3/TIMP1/COL4A5/COL13A1",15
"CC","GO:0030017","sarcomere","23/669","222/19979",0.103603603603604,3.09401554020388,5.83974406620541,1.71260086635587e-06,3.94754499695028e-05,3.94754499695028e-05,"SYNPO/SPTBN1/DNAJB4/SYNE1/SLC2A1/KRT19/ENO1/CAPN3/SYNC/DST/LMOD1/KAT2B/PDLIM2/DES/FHL5/NEBL/CRYAB/KRT8/FHL2/MYL9/TNNC1/FERMT2/DMD",23
"CC","GO:0016323","basolateral plasma membrane","26/669","273/19979",0.0952380952380952,2.84418819844829,5.71064612993455,1.82454810335222e-06,4.00531750307321e-05,4.00531750307321e-05,"PLPP3/SLC39A8/LEPR/FOLR1/LDLR/SLC2A1/SLC16A3/TGFBR3/HPGD/SLC7A5/ABCC3/AURKA/EPCAM/DSP/SLCO2A1/TEK/NEDD9/CEACAM5/CADM1/AQP4/C5AR1/STK39/CAV1/AQP1/ABCA8/ST14",26
"CC","GO:0031091","platelet alpha granule","14/669","91/19979",0.153846153846154,4.59445785903185,6.39670707177347,1.92074877886545e-06,4.02484175934987e-05,4.02484175934988e-05,"VEGFD/GAS6/PROS1/SERPING1/A2M/PECAM1/CLU/CFD/PHACTR2/THBS2/F8/CD36/VWF/TIMP1",14
"CC","GO:0042641","actomyosin","14/669","92/19979",0.152173913043478,4.54451809969455,6.34255733134773,2.19675019143164e-06,4.40305147065211e-05,4.40305147065211e-05,"SYNPO/MYH10/MYLK/DST/KAT2B/PDLIM2/LIMCH1/TEK/ABLIM1/NEBL/FAM107A/SORBS1/MYL9/FERMT2",14
"CC","GO:0005925","focal adhesion","33/669","403/19979",0.0818858560794045,2.44543724754921,5.45616773650473,2.3495379592075e-06,4.51307082997774e-05,4.51307082997774e-05,"MCAM/HMGA1/MME/FHL1/ADGRE5/FAP/PLAU/NFASC/TNC/RRAS/EPB41L2/TNS1/ITGA8/DST/PDLIM2/CNN1/FLRT3/TEK/NEDD9/CAV2/AHNAK/ENG/LMO7/CAT/FAM107A/CAV1/SORBS1/EFNB2/LIMS2/SLC6A4/DLC1/FHL2/FERMT2",33
"CC","GO:0005901","caveola","13/669","81/19979",0.160493827160494,4.7929838159036,6.36673409728774,2.73721574780138e-06,5.04742583894574e-05,5.04742583894574e-05,"TGFBR2/SLC2A1/PTCH1/PLPP2/FXYD1/CDH1/CAV2/CAVIN2/CD36/CAV1/SORBS1/DLC1/CAVIN1",13
"CC","GO:0031674","I band","18/669","150/19979",0.12,3.58367713004484,5.91195868674636,2.88304999468585e-06,5.11186941365453e-05,5.11186941365453e-05,"SYNPO/DNAJB4/SLC2A1/KRT19/CAPN3/SYNC/DST/KAT2B/PDLIM2/DES/FHL5/NEBL/CRYAB/KRT8/FHL2/MYL9/FERMT2/DMD",18
"CC","GO:0032432","actin filament bundle","14/669","95/19979",0.147368421052632,4.40100700180946,6.1846535694246,3.24919194720074e-06,5.54769439873904e-05,5.54769439873904e-05,"SYNPO/MYH10/MYLK/DST/PDLIM2/LIMCH1/TEK/ABLIM1/NEBL/CRYAB/FAM107A/SORBS1/MYL9/FERMT2",14
"CC","GO:0016324","apical plasma membrane","34/669","429/19979",0.0792540792540792,2.36684192738004,5.32686246443028,3.4042039236095e-06,5.60477860279993e-05,5.60477860279993e-05,"EMP2/SLC39A8/FOLR1/ASPM/SLC15A2/CA4/SLC7A11/SLC2A1/CLIC5/CD34/HYAL2/PLLP/CEACAM1/SLC16A3/ADRB2/PALM2AKAP2/AGER/FXYD1/KL/SLC7A5/SLC1A1/PODXL/NEDD4L/EPCAM/TEK/CEACAM5/DUOX1/IGFBP2/LMO7/CD36/STK39/CAV1/AQP1/CLDN4",34
"CC","GO:0140152","collagenous component of interstitial matrix","7/669","21/19979",0.333333333333333,9.95465869456901,7.64184284317885,3.53037185574267e-06,5.61207388102541e-05,5.61207388102541e-05,"COL1A1/COL5A2/COL5A1/COL11A1/COL1A2/COL10A1/COL3A1",7
"CC","GO:0001725","stress fiber","13/669","85/19979",0.152941176470588,4.56743163633166,6.13482235998976,4.7649998455665e-06,7.08601589937469e-05,7.08601589937469e-05,"SYNPO/MYH10/MYLK/DST/PDLIM2/LIMCH1/TEK/ABLIM1/NEBL/FAM107A/SORBS1/MYL9/FERMT2",13
"CC","GO:0097517","contractile actin filament bundle","13/669","85/19979",0.152941176470588,4.56743163633166,6.13482235998976,4.7649998455665e-06,7.08601589937469e-05,7.08601589937469e-05,"SYNPO/MYH10/MYLK/DST/PDLIM2/LIMCH1/TEK/ABLIM1/NEBL/FAM107A/SORBS1/MYL9/FERMT2",13
"CC","GO:0030018","Z disc","16/669","134/19979",0.119402985074627,3.56584789059188,5.5469682591927,1.08395613534153e-05,0.000156157430747639,0.000156157430747639,"SYNPO/DNAJB4/SLC2A1/KRT19/CAPN3/SYNC/DST/PDLIM2/DES/FHL5/NEBL/CRYAB/KRT8/FHL2/MYL9/DMD",16
"CC","GO:0009897","external side of plasma membrane","30/669","378/19979",0.0793650793650794,2.37015683204024,5.00581727315359,1.23895207239213e-05,0.000173077850112961,0.000173077850112961,"HEG1/MCAM/LEPR/FOLR1/CA4/LDLR/CD24/CX3CR1/TGFBR2/HLA-E/PECAM1/CD34/HYAL2/PLAU/TGFBR3/CXCL12/ABCG1/IL7R/S1PR1/CDH5/SLC7A5/FCN3/THBD/MUC16/AQP4/ENG/CD36/GHR/ST14/IL1RL1",30
"CC","GO:0034774","secretory granule lumen","27/669","328/19979",0.0823170731707317,2.45831510445149,4.9567143810176,1.75368285952419e-05,0.000237778764188427,0.000237778764188427,"GPI/CHI3L1/CLEC3B/VEGFD/GAS6/SLPI/PROS1/SERPING1/FABP5/TIMP3/LCN2/A2M/TCN1/FGR/MIF/CLU/QPCT/CFD/GMFG/MNDA/PRDX4/F8/CAT/S100P/VWF/TIMP1/ALOX5",27
"CC","GO:0005796","Golgi lumen","14/669","110/19979",0.127272727272727,3.80086968338089,5.48275913139131,1.84085937563616e-05,0.000242467477762363,0.000242467477762363,"GAS6/PROS1/OGN/GPC3/PRELP/DCN/HS3ST1/MUC5B/MUC4/CDH1/MMP11/MUC16/F8/VCAN",14
"CC","GO:0060205","cytoplasmic vesicle lumen","27/669","333/19979",0.0810810810810811,2.42140346624652,4.86855794697045,2.29372671109264e-05,0.000293724448281586,0.000293724448281586,"GPI/CHI3L1/CLEC3B/VEGFD/GAS6/SLPI/PROS1/SERPING1/FABP5/TIMP3/LCN2/A2M/TCN1/FGR/MIF/CLU/QPCT/CFD/GMFG/MNDA/PRDX4/F8/CAT/S100P/VWF/TIMP1/ALOX5",27
"CC","GO:0031983","vesicle lumen","27/669","334/19979",0.0808383233532934,2.41415375526973,4.85111728164467,2.41832369396021e-05,0.000301310060247474,0.000301310060247474,"GPI/CHI3L1/CLEC3B/VEGFD/GAS6/SLPI/PROS1/SERPING1/FABP5/TIMP3/LCN2/A2M/TCN1/FGR/MIF/CLU/QPCT/CFD/GMFG/MNDA/PRDX4/F8/CAT/S100P/VWF/TIMP1/ALOX5",27
"CC","GO:0000940","outer kinetochore","6/669","20/19979",0.3,8.95919282511211,6.62845880432063,3.57459475074031e-05,0.000433654784234548,0.000433654784234548,"BUB1B/ZWINT/NDC80/CENPF/BUB1/CCNB1",6
"CC","GO:0044853","plasma membrane raft","14/669","121/19979",0.115702479338843,3.45533607580081,5.04235946925538,5.41141919434044e-05,0.000639657499638703,0.000639657499638703,"TGFBR2/SLC2A1/PTCH1/PLPP2/RECK/FXYD1/CDH1/CAV2/CAVIN2/CD36/CAV1/SORBS1/DLC1/CAVIN1",14
"CC","GO:0031093","platelet alpha granule lumen","10/669","67/19979",0.149253731343284,4.45730986323985,5.27613854538386,7.33820037652692e-05,0.000845727593394727,0.000845727593394727,"VEGFD/GAS6/PROS1/SERPING1/A2M/CLU/CFD/F8/VWF/TIMP1",10
"CC","GO:0140149","non-collagenous component of interstitial matrix","8/669","44/19979",0.181818181818182,5.42981383340128,5.47522057225749,9.24283202061678e-05,0.00103925501500106,0.00103925501500106,"MFAP4/DCN/FBLN5/FBLN1/LTBP4/COMP/THBS2/VCAN",8
"CC","GO:0097648","G protein-coupled receptor complex","4/669","11/19979",0.363636363636364,10.8596276668026,6.08818022005788,0.000340693976037133,0.00373952197507424,0.00373952197507424,"RAMP3/RAMP2/GABBR1/CALCRL",4
"CC","GO:0000776","kinetochore","16/669","179/19979",0.0893854748603352,2.66940568345985,4.17593504206874,0.000354047023219568,0.00379571343498188,0.00379571343498188,"CENPA/H3-3B/BUB1B/TTK/ZWINT/NDC80/KAT2B/BIRC5/AURKA/CENPF/BUB1/CCNB1/NEK2/CDC20/MAD2L1/CENPU",16
"CC","GO:0005902","microvillus","11/669","97/19979",0.11340206185567,3.3866364631008,4.38571120398662,0.000398751249727621,0.00417782559373712,0.00417782559373712,"ANGPT1/SLC7A11/HYAL2/CEACAM1/ICAM2/CD302/SLC7A5/PODXL/TEK/AOC3/S100P",11
"CC","GO:0140150","gel phase of interstitial matrix","6/669","30/19979",0.2,5.9727952167414,5.07339368077221,0.000411634631092841,0.00421696810963999,0.00421696810963999,"OGN/PRELP/DCN/ECM2/SPOCK2/VCAN",6
"CC","GO:0042599","lamellar body","5/669","20/19979",0.25,7.46599402092676,5.38491476943113,0.00042308972728541,0.00424009487562117,0.00424009487562117,"SFTPB/SFTPA2/ABCA3/LAMP3/SFTPC",5
"CC","GO:0016328","lateral plasma membrane","9/669","69/19979",0.130434782608696,3.89530122830961,4.48415479618131,0.000472575442823773,0.00463526125833531,0.00463526125833531,"CLDN5/CEACAM1/SLC16A3/CDH1/EPCAM/CLDN18/CLDN4/DMD/CLDN3",9
"CC","GO:0030667","secretory granule membrane","23/669","325/19979",0.0707692307692308,2.11345061515465,3.76690866875417,0.000644592186979476,0.00619077079578205,0.00619077079578205,"MME/CA4/FABP5/ADGRE5/PECAM1/CD55/PLAU/NFASC/CEACAM1/ABCA3/PHACTR2/LAMP3/TYROBP/DSP/CD93/CAV2/C5AR1/CD36/PTPRB/CAV1/DMBT1/OLR1/STOM",23
"CC","GO:0016327","apicolateral plasma membrane","5/669","22/19979",0.227272727272727,6.7872672917516,5.05516318287121,0.000679850125697151,0.00629956905142206,0.00629956905142206,"CLDN5/KRT19/KRT8/CLDN4/CLDN3",5
"CC","GO:0000779","condensed chromosome, centromeric region","16/669","190/19979",0.0842105263157895,2.51486114389112,3.90513119410179,0.000683250439416709,0.00629956905142206,0.00629956905142206,"CENPA/H3-3B/BUB1B/TTK/ZWINT/NDC80/KAT2B/BIRC5/AURKA/CENPF/BUB1/CCNB1/NEK2/CDC20/MAD2L1/CENPU",16
"CC","GO:0044291","cell-cell contact zone","9/669","75/19979",0.12,3.58367713004484,4.1725026152578,0.000876930886070321,0.00792676742114545,0.00792676742114545,"DSG2/SLC2A1/PECAM1/FXYD1/DSP/DES/AHNAK/JAM2/ATP2A2",9
"CC","GO:0030139","endocytic vesicle","24/669","362/19979",0.0662983425414365,1.97993211604687,3.50212712762754,0.00123003159200318,0.010904703152182,0.010904703152182,"HBB/SLC15A2/LDLR/HBA1/HLA-E/COLEC12/PTCH1/SFTPD/HYAL2/MARCO/ADRB2/SFTPB/SFTPA2/IL7R/SFTPC/ARRB1/CD36/CAV1/HBA2/HBEGF/ANXA3/RAB11FIP1/MSR1/DMBT1",24
"CC","GO:0070820","tertiary granule","14/669","164/19979",0.0853658536585366,2.54936381202377,3.70831160417644,0.00126820753212769,0.0110310126851106,0.0110310126851106,"HBB/MMP9/TCN1/CD55/PLAU/NFASC/CEACAM1/QPCT/DSP/CD93/PTPRB/TMT1A/OLR1/STOM",14
"CC","GO:0071953","elastic fiber","6/669","37/19979",0.162162162162162,4.84280693249303,4.35474769513728,0.00132127868665369,0.0112798050842102,0.0112798050842102,"MFAP4/DCN/FBLN5/FBLN1/LTBP4/VCAN",6
"CC","GO:0005938","cell cortex","22/669","323/19979",0.0681114551083591,2.03407886638252,3.48742822637395,0.00137325940447336,0.0115104106447676,0.0115104106447676,"CLDN5/SPTBN1/MYH10/SLC2A1/KRT19/CLIC5/MELK/ENO1/EPB41L2/GMFG/CD302/CDH1/DST/NEDD9/FRY/STK39/CAV1/FGFR2/DLC1/ECT2/MYL9/FERMT2",22
"CC","GO:0101002","ficolin-1-rich granule","15/669","186/19979",0.0806451612903226,2.40838516804089,3.59186519505118,0.00153368072581502,0.0126254788321558,0.0126254788321558,"GPI/HBB/MMP9/MIF/CD55/NFASC/QPCT/CFD/GMFG/MNDA/PRDX4/DSP/CD93/CAT/ALOX5",15
"CC","GO:0000922","spindle pole","15/669","187/19979",0.0802139037433155,2.39550610297115,3.5686637439793,0.00161732573971103,0.0130671205053001,0.0130671205053001,"ASPM/KIF2A/TPX2/DLGAP5/KIF11/AURKA/PRC1/NEDD9/CENPF/FRY/CCNB1/EML1/NEK2/CDC20/MAD2L1",15
"CC","GO:0043034","costamere","4/669","16/19979",0.25,7.46599402092676,4.81593163271521,0.00164401949958223,0.0130671205053001,0.0130671205053001,"SYNM/KRT19/AHNAK/DMD",4
"CC","GO:0072686","mitotic spindle","14/669","169/19979",0.0828402366863905,2.473938847171,3.58161175054576,0.00168773837145202,0.0131872438854133,0.0131872438854133,"ASPM/TPX2/DLGAP5/KIF11/NUSAP1/CDK1/KAT2B/AURKA/PRC1/NEDD9/DPYSL2/EML1/ECT2/MAD2L1",14
"CC","GO:0030666","endocytic vesicle membrane","16/669","208/19979",0.0769230769230769,2.29722892951593,3.50051466270507,0.0017742722345926,0.0136323250024531,0.0136323250024531,"SLC15A2/LDLR/HLA-E/COLEC12/PTCH1/MARCO/ADRB2/IL7R/ARRB1/CD36/CAV1/HBEGF/ANXA3/RAB11FIP1/MSR1/DMBT1",16
"CC","GO:0045120","pronucleus","4/669","17/19979",0.235294117647059,7.02681790204871,4.62709515859462,0.00209339459890045,0.0158205722966084,0.0158205722966084,"SLC2A1/AURKA/CENPF/EZH2",4
"CC","GO:0043296","apical junction complex","13/669","157/19979",0.0828025477707006,2.47281330629421,3.44843239209021,0.00244297495989115,0.0181647009114487,0.0181647009114487,"CLDN5/PMP22/SYNPO/WWTR1/CDH5/CDH1/EPCAM/CLDN18/JAM2/SORBS1/ECT2/CLDN4/CLDN3",13
"CC","GO:0000775","chromosome, centromeric region","18/669","257/19979",0.0700389105058366,2.0916403482752,3.27845019293788,0.00267884923775805,0.0196023729937533,0.0196023729937533,"CENPA/H3-3B/BUB1B/TTK/ZWINT/NDC80/KAT2B/BIRC5/AURKA/CENPF/EZH2/BUB1/TOP2A/CCNB1/NEK2/CDC20/MAD2L1/CENPU",18
"CC","GO:0042581","specific granule","13/669","160/19979",0.08125,2.4264480568012,3.37188698959834,0.00288209601867071,0.0207600978844875,0.0207600978844875,"CHI3L1/SLPI/LCN2/TCN1/PLAU/CEACAM1/QPCT/CD93/CD36/PTPRB/ANXA3/OLR1/STOM",13
"CC","GO:0005912","adherens junction","15/669","199/19979",0.0753768844221105,2.25105347364626,3.30131673985399,0.00295566962470723,0.0209625184152312,0.0209625184152312,"PLPP3/STXBP6/SYNM/TMEM204/CEACAM1/JCAD/CDH3/CDH5/CDH1/PDLIM2/DSP/TMEM47/SORBS1/EFNB2/FERMT2",15
"CC","GO:0005819","spindle","26/669","433/19979",0.0600461893764434,1.79321796345585,3.10602872736867,0.00313352109327283,0.0218871700605875,0.0218871700605875,"ASPM/KIF2A/TPX2/MYH10/BUB1B/DLGAP5/TTK/KIF11/NUSAP1/CDK1/RPS6KA2/KAT2B/BIRC5/AURKA/PRC1/NEDD9/CENPF/FRY/DPYSL2/CCNB1/EML1/NEK2/CDC20/ECT2/KIF4A/MAD2L1",26
"CC","GO:1904813","ficolin-1-rich granule lumen","11/669","125/19979",0.088,2.62802989536622,3.39853150026288,0.00321184404529581,0.0219616082084646,0.0219616082084646,"GPI/HBB/MMP9/MIF/QPCT/CFD/GMFG/MNDA/PRDX4/CAT/ALOX5",11
"CC","GO:0005667","transcription regulator complex","28/669","479/19979",0.058455114822547,1.74570215103089,3.0747780582393,0.00323945630840693,0.0219616082084646,0.0219616082084646,"LMO2/HMGA1/FOXF1/TCF4/NR4A1/WWTR1/TCF21/GATA2/HYAL2/MEIS1/ZBTB16/CEBPD/FOS/LDB2/NR4A3/GATA6/EPAS1/KLF4/NR4A2/POU2AF1/ATF3/GMNN/TAL1/FOXF2/DACH1/SOX4/TBX2/SMAD6",28
"CC","GO:0030057","desmosome","5/669","31/19979",0.161290322580645,4.81677033608178,3.95844961825265,0.00342160943008384,0.0228603180763572,0.0228603180763572,"DSG2/CDH1/DSP/PERP/KAZN",5
"CC","GO:0030864","cortical actin cytoskeleton","8/669","77/19979",0.103896103896104,3.10275076194359,3.44098458483261,0.00417999773643066,0.0275282708070648,0.0275282708070648,"CLDN5/SPTBN1/SLC2A1/KRT19/EPB41L2/GMFG/CDH1/DLC1",8
"CC","GO:0030496","midbody","14/669","187/19979",0.0748663101604278,2.23580569610641,3.16026921910868,0.00425907023603631,0.0276539630818695,0.0276539630818695,"ASPM/MYH10/SLC2A1/PTCH1/CDK1/TACC1/CEP55/BIRC5/AURKA/PRC1/CENPF/NEK2/ECT2/KIF4A",14
"CC","GO:0031528","microvillus membrane","5/669","33/19979",0.151515151515152,4.52484486116773,3.7719592839673,0.00452395254370572,0.0289658628145602,0.0289658628145602,"SLC7A11/CEACAM1/SLC7A5/PODXL/S100P",5
"CC","GO:0005923","bicellular tight junction","11/669","132/19979",0.0833333333333333,2.48866467364225,3.19399579271831,0.00486597843728279,0.0298063444866146,0.0298063444866146,"CLDN5/PMP22/SYNPO/WWTR1/CDH5/EPCAM/CLDN18/JAM2/ECT2/CLDN4/CLDN3",11
"CC","GO:0031838","haptoglobin-hemoglobin complex","3/669","11/19979",0.272727272727273,8.14472075010192,4.41176371142968,0.00504315590012134,0.0298063444866146,0.0298063444866146,"HBB/HBA1/HBA2",3
"CC","GO:0034992","microtubule organizing center attachment site","3/669","11/19979",0.272727272727273,8.14472075010192,4.41176371142968,0.00504315590012134,0.0298063444866146,0.0298063444866146,"SYNE1/SYNE3/SPAG4",3
"CC","GO:0034993","meiotic nuclear membrane microtubule tethering complex","3/669","11/19979",0.272727272727273,8.14472075010192,4.41176371142968,0.00504315590012134,0.0298063444866146,0.0298063444866146,"SYNE1/SYNE3/SPAG4",3
"CC","GO:0106083","nuclear membrane protein complex","3/669","11/19979",0.272727272727273,8.14472075010192,4.41176371142968,0.00504315590012134,0.0298063444866146,0.0298063444866146,"SYNE1/SYNE3/SPAG4",3
"CC","GO:0106094","nuclear membrane microtubule tethering complex","3/669","11/19979",0.272727272727273,8.14472075010192,4.41176371142968,0.00504315590012134,0.0298063444866146,0.0298063444866146,"SYNE1/SYNE3/SPAG4",3
"CC","GO:0005680","anaphase-promoting complex","4/669","22/19979",0.181818181818182,5.42981383340128,3.86943105764276,0.00563499705403943,0.0328827043280022,0.0328827043280022,"BUB1B/UBE2S/UBE2C/CDC20",4
"CC","GO:0005833","hemoglobin complex","3/669","12/19979",0.25,7.46599402092676,4.17030135467606,0.00655836223122899,0.0376708237195114,0.0376708237195114,"HBB/HBA1/HBA2",3
"CC","GO:0044217","other organism part","5/669","36/19979",0.138888888888889,4.14777445607042,3.51849986691903,0.00661895167305948,0.0376708237195114,0.0376708237195114,"FCN3/C7/KPNA2/CFB/C1QB",5
"CC","GO:0070160","tight junction","11/669","138/19979",0.0797101449275362,2.38046186174476,3.02886630481203,0.00676602770690688,0.0380382777180984,0.0380382777180984,"CLDN5/PMP22/SYNPO/WWTR1/CDH5/EPCAM/CLDN18/JAM2/ECT2/CLDN4/CLDN3",11
"CC","GO:0014704","intercalated disc","6/669","51/19979",0.117647058823529,3.51340895102436,3.34514012405987,0.00689985355887894,0.0383232830197975,0.0383232830197975,"DSG2/SLC2A1/FXYD1/DSP/DES/ATP2A2",6
"CC","GO:0031253","cell projection membrane","22/669","370/19979",0.0594594594594595,1.77569587524744,2.80325462438927,0.00700169297761909,0.0384259578890762,0.0384259578890762,"NME1/FOLR1/CA4/SPTBN1/SLC7A11/FAP/PTCH1/FGR/CEACAM1/KCNN4/JCAD/SLC7A5/PODXL/CD36/FAM107A/S100P/MACF1/AQP1/GABBR1/DLC1/FERMT2/DMD",22
"CC","GO:0031252","cell leading edge","25/669","439/19979",0.0569476082004556,1.70068200932272,2.76305082438609,0.00720696660345703,0.0390871953434552,0.0390871953434552,"NME1/SNX1/SPTBN1/MYH10/MYLK/FAP/WASF3/FGR/KCNN4/LDB2/JCAD/SLK/CDH1/DST/PODXL/NEDD9/ABLIM1/ARHGEF6/DUOX1/FAM107A/MACF1/GABBR1/DLC1/FERMT2/ARHGAP44",25
"CC","GO:0034358","plasma lipoprotein particle","5/669","37/19979",0.135135135135135,4.03567244374419,3.44008632487048,0.00744671307718538,0.0394590198687639,0.0394590198687639,"LDLR/CLU/PCYOX1/LPL/MSR1",5
"CC","GO:1990777","lipoprotein particle","5/669","37/19979",0.135135135135135,4.03567244374419,3.44008632487048,0.00744671307718538,0.0394590198687639,0.0394590198687639,"LDLR/CLU/PCYOX1/LPL/MSR1",5
"CC","GO:0005771","multivesicular body","7/669","69/19979",0.101449275362319,3.0296787331297,3.14350490956842,0.00818684248890536,0.0428878907657428,0.0428878907657428,"SFTPD/SFTPB/LAPTM4B/SFTPA2/ABCA3/SFTPC/NEDD4L",7
"CC","GO:0044295","axonal growth cone","4/669","25/19979",0.16,4.77823617339312,3.51837437105642,0.00900297385902013,0.0466333814495312,0.0466333814495312,"TRPV2/PTCH1/GPM6A/FLRT3",4
"CC","GO:0000793","condensed chromosome","18/669","291/19979",0.0618556701030928,1.84725625260043,2.709932060913,0.00951653183710329,0.0487457908544957,0.0487457908544957,"CENPA/RCC1/H3-3B/BUB1B/TTK/ZWINT/NDC80/KAT2B/BIRC5/AURKA/CENPF/BUB1/TOP2A/CCNB1/NEK2/CDC20/MAD2L1/CENPU",18
"MF","GO:0005201","extracellular matrix structural constituent","37/656","181/18706",0.204419889502762,5.82908300768091,12.445633925513,2.23648241166565e-18,1.91219246197413e-15,1.30452781753262e-15,"CHI3L1/EFEMP1/MATN2/SRPX/COL1A1/SRPX2/COL5A2/MFAP4/TNXB/OGN/ANOS1/COL5A1/TFPI2/MMRN2/TNC/PRELP/DCN/FBLN5/FBLN1/LAMA4/MUC5B/COL11A1/MUC4/POSTN/LTBP4/COMP/THBS2/COL1A2/VCAN/COL10A1/MXRA5/COL4A3/VWF/COL3A1/COL4A5/COL13A1/DPT",37
"MF","GO:0005539","glycosaminoglycan binding","35/656","233/18706",0.150214592274678,4.28340573641788,9.61448377411537,3.36617036268491e-13,1.4390378300478e-10,9.8173427471891e-11,"CLEC3B/CCN2/TNXB/MDK/ANOS1/TGFBR2/COL5A1/PTCH1/HYAL2/NDNF/IGHM/TGFBR3/PRELP/DCN/ECM2/ADAMTS8/PCOLCE2/SPOCK2/POSTN/LTBP4/SLIT2/COMP/THBS2/LYVE1/LPL/ADAMTS1/PTN/FGFR4/VCAN/ENG/CXCL13/FGFR2/HBEGF/DMBT1/COL13A1",35
"MF","GO:0019838","growth factor binding","24/656","135/18706",0.177777777777778,5.06937669376694,9.04626499542846,5.00788744142358e-11,1.42724792080572e-08,9.7369101292475e-09,"CHRDL1/COL1A1/SRPX2/NTRK2/CCN2/TGFBR2/COL5A1/A2M/HYAL2/TGFBR3/KL/LRRC32/LTBP4/IGFBP2/COL1A2/DUSP1/FGFR4/ENG/CD36/CXCL13/FGFR2/GHR/IGFBP3/COL3A1",24
"MF","GO:0005178","integrin binding","25/656","151/18706",0.165562913907285,4.72106687126474,8.752208234276,9.83301328304638e-11,2.10180658925116e-08,1.43388556187531e-08,"PLPP3/EMP2/CCN2/TNXB/COL5A1/SVEP1/FAP/ICAM2/TNC/CXCL12/FBLN5/FBLN1/ECM2/ADAMTS8/DST/LTBP4/SPP1/COMP/PTN/JAM2/COL4A3/SLC6A4/VWF/FERMT2/COL3A1",25
"MF","GO:0003823","antigen binding","26/656","178/18706",0.146067415730337,4.16514798574952,8.08875950434297,7.07516924070005e-10,1.20985394015971e-07,8.25381415038307e-08,"IGHG1/IGKV1-17/IGLV3-25/IGKC/IGHV3-23/HLA-E/IGHV1-69-2/IGHD/IGHM/IGLV3-19/IGHV3-21/IGKV2D-28/IGHV1-69/IGHV3-48/IL7R/SLC7A5/IGHA1/FCN3/IGHG3/IGLV2-14/IGKV4-1/IGHA2/IGKV1D-39/IGKV1-39/IGHV4-31/IGLL5",26
"MF","GO:0008201","heparin binding","25/656","168/18706",0.148809523809524,4.24333986643438,8.05022159443845,1.01146641188924e-09,1.35164567961176e-07,9.22113973130591e-08,"CLEC3B/CCN2/TNXB/MDK/ANOS1/COL5A1/PTCH1/NDNF/TGFBR3/PRELP/ECM2/ADAMTS8/PCOLCE2/POSTN/SLIT2/COMP/THBS2/LPL/ADAMTS1/PTN/FGFR4/CXCL13/FGFR2/HBEGF/COL13A1",25
"MF","GO:0004857","enzyme inhibitor activity","45/656","470/18706",0.0957446808510638,2.73018292682927,7.24216361525588,1.10661049792776e-09,1.35164567961176e-07,9.22113973130591e-08,"GAPDH/SLPI/PROS1/SERPING1/CST1/WFDC2/RASIP1/CDKN2A/ANOS1/TIMP3/A2M/TFPI2/SCG5/HYAL2/GPC3/RECK/PKIG/ANP32E/GMFG/PHACTR2/SPOCK2/SPINK1/KAT2B/BIRC5/ITIH5/CDKN1C/SLIT2/PPP1R14B/ARRB1/FRY/PTN/ANXA8/PTPRB/COL4A3/CAV1/CP/CRIM1/ANXA3/CAMK2N1/TIMP1/WFDC1/SFN/SCGB1A1/RCAN1/SH3BP5",45
"MF","GO:1901681","sulfur compound binding","29/656","266/18706",0.109022556390977,3.10880478635613,6.60372396378534,6.73415690029086e-08,7.19713018718586e-06,4.90999557957402e-06,"NME1/RCC1/CLEC3B/CCN2/TNXB/MDK/ANOS1/COL5A1/PTCH1/CD34/NDNF/TGFBR3/PRELP/ECM2/ADAMTS8/PCOLCE2/POSTN/SLIT2/COMP/THBS2/LPL/ADAMTS1/PTN/FGFR4/CXCL13/FGFR2/HBEGF/DMBT1/COL13A1",29
"MF","GO:0034987","immunoglobulin receptor binding","8/656","19/18706",0.421052631578947,12.0064184852375,9.15050793612888,1.17661546474445e-07,1.11778469150723e-05,7.62570323375235e-06,"IGHG1/FGR/IGHD/IGHM/IGHA1/IGHG3/IGHA2/ADAM28",8
"MF","GO:0050431","transforming growth factor beta binding","8/656","23/18706",0.347826086956522,9.91834570519618,8.15862716346643,6.73882291691404e-07,5.7616935939615e-05,3.93071812534108e-05,"CHRDL1/TGFBR2/HYAL2/TGFBR3/LRRC32/LTBP4/ENG/CD36",8
"MF","GO:0030020","extracellular matrix structural constituent conferring tensile strength","10/656","42/18706",0.238095238095238,6.78934378629501,7.16050735239564,1.40015404035545e-06,0.000108830154954901,7.42456459526485e-05,"COL1A1/COL5A2/COL5A1/COL11A1/COL1A2/COL10A1/COL4A3/COL3A1/COL4A5/COL13A1",10
"MF","GO:0019955","cytokine binding","18/656","143/18706",0.125874125874126,3.58933140030701,5.92548287324337,2.73099337106056e-06,0.000194583277688065,0.000132747777024858,"SOSTDC1/CHRDL1/LEPR/CX3CR1/TGFBR2/A2M/HYAL2/TGFBR3/LRRC32/LTBP4/COMP/ZFP36/ENG/CD36/ACKR1/GREM1/GHR/IL1RL1",18
"MF","GO:0061134","peptidase regulator activity","24/656","237/18706",0.10126582278481,2.88761963569003,5.57518318382581,3.37431509262944e-06,0.000221926108015244,0.000151401486565714,"GAPDH/SLPI/PROS1/SERPING1/CST1/WFDC2/HSPD1/ANOS1/TIMP3/A2M/TFPI2/GPC3/RECK/FBLN1/PCOLCE2/SPOCK2/SPINK1/BIRC5/ITIH5/COL4A3/CAV1/CRIM1/TIMP1/WFDC1",24
"MF","GO:0030414","peptidase inhibitor activity","20/656","179/18706",0.111731843575419,3.18606077122224,5.60245489163135,5.00920721650312e-06,0.000305919440722155,0.000208703061162613,"GAPDH/SLPI/PROS1/SERPING1/CST1/WFDC2/ANOS1/TIMP3/A2M/TFPI2/GPC3/RECK/SPOCK2/SPINK1/BIRC5/ITIH5/COL4A3/CRIM1/TIMP1/WFDC1",20
"MF","GO:0004866","endopeptidase inhibitor activity","19/656","171/18706",0.111111111111111,3.16836043360434,5.43031980338843,9.31443044812476e-06,0.000530922535543112,0.000362203716594461,"GAPDH/SLPI/PROS1/SERPING1/CST1/WFDC2/ANOS1/TIMP3/A2M/TFPI2/RECK/SPOCK2/SPINK1/BIRC5/ITIH5/COL4A3/CRIM1/TIMP1/WFDC1",19
"MF","GO:0019199","transmembrane receptor protein kinase activity","12/656","79/18706",0.151898734177215,4.33142945353504,5.65672260476862,1.86596134481584e-05,0.000997123093635965,0.000680253080701613,"SOSTDC1/EFEMP1/NTRK2/TGFBR2/TGFBR3/LTBP4/TEK/EFNA4/FGFR4/TIE1/CRIM1/FGFR2",12
"MF","GO:0061135","endopeptidase regulator activity","20/656","200/18706",0.1,2.8515243902439,5.01857396369915,2.61427155382098e-05,0.00131482481089232,0.000896994196504842,"GAPDH/SLPI/PROS1/SERPING1/CST1/WFDC2/HSPD1/ANOS1/TIMP3/A2M/TFPI2/RECK/SPOCK2/SPINK1/BIRC5/ITIH5/COL4A3/CRIM1/TIMP1/WFDC1",20
"MF","GO:0019207","kinase regulator activity","26/656","308/18706",0.0844155844155844,2.40713097877732,4.74697285434253,3.49915319332168e-05,0.0016620977668278,0.00113390927712749,"CCNB2/RGCC/CKS1B/TPX2/RASIP1/CDKN2A/CD24/TGFBR2/HYAL2/PKIG/GMFG/GPRC5A/KAT2B/KLF4/CDKN1C/CCNB1/PTPRB/CAV1/HBEGF/CAMK2N1/GREM1/PIK3R1/FERMT2/GHR/SFN/SH3BP5",26
"MF","GO:0038024","cargo receptor activity","11/656","74/18706",0.148648648648649,4.23875247198418,5.32176940483052,5.08489047369752e-05,0.00224424025104974,0.00153105604950366,"FOLR1/LDLR/COLEC12/MARCO/MRC1/AGER/LYVE1/CD36/MSR1/DMBT1/OLR1",11
"MF","GO:0016684","oxidoreductase activity, acting on peroxide as acceptor","9/656","50/18706",0.18,5.13274390243902,5.57835825543965,5.24968479777718e-05,0.00224424025104974,0.00153105604950366,"HBB/SESN1/HBA1/ALOX5AP/PRDX4/GPX3/CAT/CP/HBA2",9
"MF","GO:0036122","BMP binding","6/656","21/18706",0.285714285714286,8.14721254355401,6.24729431570817,6.28426041394723e-05,0.00255859173996423,0.00174551158676082,"SOSTDC1/CHRDL1/TGFBR3/COMP/ENG/GREM1",6
"MF","GO:0017046","peptide hormone binding","9/656","52/18706",0.173076923076923,4.93533067542214,5.41737737061433,7.24216737982214e-05,0.00281456959533997,0.00192014371174328,"LEPR/VIPR1/NPR3/RAMP2/NPR1/EDNRB/PIK3R1/GHR/CALCRL",9
"MF","GO:0008191","metalloendopeptidase inhibitor activity","5/656","14/18706",0.357142857142857,10.1840156794425,6.55331314687839,8.03516347580424e-05,0.00286252698825526,0.00195286100059283,"TIMP3/RECK/SPOCK2/COL4A3/TIMP1",5
"MF","GO:0035259","nuclear glucocorticoid receptor binding","5/656","14/18706",0.357142857142857,10.1840156794425,6.55331314687839,8.03516347580424e-05,0.00286252698825526,0.00195286100059283,"NR4A1/TACC1/NR4A3/NR4A2/ETS2",5
"MF","GO:0019887","protein kinase regulator activity","23/656","274/18706",0.0839416058394161,2.39361536407335,4.43020832637508,0.000106090718859131,0.00362830258498228,0.00247528517482407,"CCNB2/RGCC/CKS1B/TPX2/RASIP1/CDKN2A/CD24/HYAL2/PKIG/GMFG/GPRC5A/KAT2B/CDKN1C/CCNB1/PTPRB/CAV1/HBEGF/CAMK2N1/GREM1/FERMT2/GHR/SFN/SH3BP5",23
"MF","GO:0003779","actin binding","32/656","446/18706",0.0717488789237668,2.04593678223778,4.26201183740987,0.000110989620493254,0.00364985098160508,0.00248998583042056,"SYNPO/SPTBN1/MYH10/MARCKSL1/MYLK/WASF3/SYNE1/MYH11/CEACAM1/S100A4/EPB41L2/TNS1/GMFG/PHACTR2/DST/LMOD1/PDLIM2/CNN1/LIMCH1/ABLIM1/NEBL/ANXA8/SYNE3/DIAPH2/FAM107A/MACF1/SORBS1/SLC6A4/CTNNAL1/TNNC1/FERMT2/DMD",32
"MF","GO:0001228","DNA-binding transcription activator activity, RNA polymerase II-specific","32/656","452/18706",0.0707964601769911,2.01877832937621,4.17986317406362,0.000141866474129647,0.00446740518290017,0.00304773418428084,"FOXF1/FLI1/TCF4/NR4A1/TFAP2A/TCF21/GATA2/ERG/HLF/MEIS1/ETV1/ZBTB16/CEBPD/ZEB2/FOS/MECOM/TBX3/NR4A3/EPAS1/KLF4/HOXA5/EGR1/NR4A2/PLAGL1/ATF3/MEIS2/KLF6/FOXF2/MAFF/SOX4/FOSB/ELF3",32
"MF","GO:0004860","protein kinase inhibitor activity","12/656","97/18706",0.123711340206186,3.52765903947699,4.75811585917071,0.000146368359707511,0.00446740518290017,0.00304773418428084,"RASIP1/CDKN2A/HYAL2/PKIG/GMFG/KAT2B/CDKN1C/PTPRB/CAV1/CAMK2N1/SFN/SH3BP5",12
"MF","GO:0170055","lipid transmembrane transporter activity","9/656","57/18706",0.157894736842105,4.50240693196406,5.04857055459545,0.000151526023747491,0.00446740518290017,0.00304773418428084,"FABP5/SLC2A1/CEACAM1/RBP4/ABCG1/ABCC3/SLCO2A1/CD36/FABP4",9
"MF","GO:0001540","amyloid-beta binding","11/656","84/18706",0.130952380952381,3.73413908246225,4.78783590805546,0.000164644648571127,0.00469237248427712,0.00320121042086138,"LDLR/MARCO/ADRB2/CLU/AGER/RAMP3/ITM2A/CRYAB/CD36/BCHE/MSR1",11
"MF","GO:0001216","DNA-binding transcription activator activity","32/656","460/18706",0.0695652173913043,1.98366914103924,4.07226752196781,0.000194965982826368,0.00537728759085629,0.00366847029503661,"FOXF1/FLI1/TCF4/NR4A1/TFAP2A/TCF21/GATA2/ERG/HLF/MEIS1/ETV1/ZBTB16/CEBPD/ZEB2/FOS/MECOM/TBX3/NR4A3/EPAS1/KLF4/HOXA5/EGR1/NR4A2/PLAGL1/ATF3/MEIS2/KLF6/FOXF2/MAFF/SOX4/FOSB/ELF3",32
"MF","GO:0019210","kinase inhibitor activity","12/656","101/18706",0.118811881188119,3.38794977058681,4.58736408286962,0.00021553873864754,0.00575892567323897,0.00392882980622516,"RASIP1/CDKN2A/HYAL2/PKIG/GMFG/KAT2B/CDKN1C/PTPRB/CAV1/CAMK2N1/SFN/SH3BP5",12
"MF","GO:0004601","peroxidase activity","8/656","48/18706",0.166666666666667,4.7525406504065,4.9625586522141,0.000239150222288844,0.00619616485021097,0.00422712125994534,"HBB/HBA1/ALOX5AP/PRDX4/GPX3/CAT/CP/HBA2",8
"MF","GO:0046982","protein heterodimerization activity","27/656","368/18706",0.0733695652173913,2.09215104718982,4.0338784194512,0.000262402204163459,0.00659864366352227,0.00450169864604698,"CENPA/SNX1/RCC1/H3-3B/TCF4/NR4A1/IRAK3/CLU/LSM5/H2BC5/H2AC19/ABCG1/KCNK3/EPAS1/BIRC5/AURKA/CAV2/DUOX1/AGTR1/NR4A2/ATF3/AOC3/TOP2A/CAV1/H2AC18/GABBR1/PIK3R1",27
"MF","GO:0034713","type I transforming growth factor beta receptor binding","4/656","11/18706",0.363636363636364,10.3691796008869,5.92553195933991,0.000406141873771106,0.00913624738151045,0.00623289187362209,"TGFBR2/ENG/FERMT2/SMAD6",4
"MF","GO:0048407","platelet-derived growth factor binding","4/656","11/18706",0.363636363636364,10.3691796008869,5.92553195933991,0.000406141873771106,0.00913624738151045,0.00623289187362209,"COL1A1/COL5A1/COL1A2/COL3A1",4
"MF","GO:0002020","protease binding","14/656","140/18706",0.1,2.8515243902439,4.19205001005349,0.000412320611509959,0.00913624738151045,0.00623289187362209,"COL1A1/LDLR/NTRK2/LCN2/A2M/FAP/MIF/F2RL1/COMP/MAGEA3/COL1A2/VWF/TIMP1/COL3A1",14
"MF","GO:0008528","G protein-coupled peptide receptor activity","13/656","124/18706",0.104838709677419,2.98950137686861,4.23741531199442,0.000416147754891941,0.00913624738151045,0.00623289187362209,"CX3CR1/VIPR1/NPR3/F2RL1/RAMP3/RAMP2/EDNRA/NPR1/AGTR1/GPR37/AGTR2/EDNRB/CALCRL",13
"MF","GO:0005518","collagen binding","9/656","65/18706",0.138461538461538,3.94826454033771,4.53921440859161,0.00041979383387703,0.00913624738151045,0.00623289187362209,"COCH/MMP9/TNXB/ADGRG6/ECM2/PCOLCE2/COMP/VWF/MMP12",9
"MF","GO:0046332","SMAD binding","10/656","79/18706",0.126582278481013,3.60952454461253,4.43093773561518,0.00042742677808236,0.00913624738151045,0.00623289187362209,"RGCC/COL5A2/TGFBR2/TGFBR3/ZEB2/FOS/COL1A2/FERMT2/COL3A1/SMAD6",10
"MF","GO:0042277","peptide binding","19/656","230/18706",0.0826086956521739,2.35560710498409,3.94353727713519,0.000501726746975272,0.0104628382600941,0.00713791306683962,"MME/LDLR/HLA-E/NPR3/KDELR2/MARCO/ADRB2/CLU/AGER/RAMP3/ITM2A/SLC7A5/CRYAB/GPR37/CD36/KPNA2/KDELR3/BCHE/MSR1",19
"MF","GO:0071813","lipoprotein particle binding","6/656","31/18706",0.193548387096774,5.5190794649882,4.80056873877348,0.000632506717684186,0.0125765870609298,0.00857994579356609,"LDLR/HSPD1/COLEC12/LPL/CD36/MSR1",6
"MF","GO:0071814","protein-lipid complex binding","6/656","31/18706",0.193548387096774,5.5190794649882,4.80056873877348,0.000632506717684186,0.0125765870609298,0.00857994579356609,"LDLR/HSPD1/COLEC12/LPL/CD36/MSR1",6
"MF","GO:0001653","peptide receptor activity","13/656","130/18706",0.1,2.8515243902439,4.03847301427093,0.000655490378140218,0.012737369847952,0.00868963434344896,"CX3CR1/VIPR1/NPR3/F2RL1/RAMP3/RAMP2/EDNRA/NPR1/AGTR1/GPR37/AGTR2/EDNRB/CALCRL",13
"MF","GO:0008307","structural constituent of muscle","7/656","44/18706",0.159090909090909,4.53651607538803,4.47728824674882,0.000782077086809282,0.0148594646493764,0.0101373608432394,"SYNM/MYH11/KRT19/CAPN3/NEBL/MYL9/DMD",7
"MF","GO:0005126","cytokine receptor binding","21/656","278/18706",0.0755395683453237,2.15402921565187,3.6956622403673,0.000844616075111225,0.0156988422656543,0.0107099974745534,"VEGFD/IL6/CX3CR1/TGFBR2/MIF/SOCS2/TGFBR3/CXCL12/TNFSF10/CXCL2/CDH5/CCL14/IL33/ENG/CXCL13/GREM1/PIK3R1/FERMT2/CXCL3/CXCL14/SMAD6",21
"MF","GO:0004867","serine-type endopeptidase inhibitor activity","11/656","102/18706",0.107843137254902,3.07517336202774,4.00630009415812,0.000895223970146354,0.0162854573292581,0.0111101955110339,"SLPI/SERPING1/WFDC2/ANOS1/A2M/TFPI2/RECK/SPINK1/ITIH5/CRIM1/WFDC1",11
"MF","GO:0030246","carbohydrate binding","21/656","280/18706",0.075,2.13864329268293,3.65968197761902,0.000925284277815495,0.0164816261985885,0.0112440250036526,"GPI/CHI3L1/CLEC3B/GALNT7/COLEC12/SFTPD/SORD/CD34/MRC1/SFTPA2/PLOD2/ADGRL2/CD302/FCN3/CD93/FBP1/P3H2/PTN/VCAN/ENG/OLR1",21
"MF","GO:0017134","fibroblast growth factor binding","5/656","23/18706",0.217391304347826,6.19896606574761,4.75608674165156,0.00103924151358464,0.018133703961528,0.012371098476297,"TGFBR3/KL/FGFR4/CXCL13/FGFR2",5
"MF","GO:0044548","S100 protein binding","4/656","14/18706",0.285714285714286,8.14721254355401,5.09993923791404,0.00113265149399264,0.0193683405472741,0.0132133870025192,"AGER/KCNK3/AHNAK/ATP2A2",4
"MF","GO:0004714","transmembrane receptor protein tyrosine kinase activity","8/656","61/18706",0.131147540983607,3.73970411835266,4.0858230961032,0.00125210694835127,0.0209912047223595,0.0143205305053706,"EFEMP1/NTRK2/TEK/EFNA4/FGFR4/TIE1/CRIM1/FGFR2",8
"MF","GO:0001221","transcription coregulator binding","12/656","127/18706",0.094488188976378,2.69435375456117,3.65247250464113,0.00170684616943301,0.0280644899012543,0.0191460370695389,"LMO2/HMGA1/GATA2/ENO1/ZBTB16/FOS/PER1/NR4A3/GATA6/EPAS1/KLF4/EZH2",12
"MF","GO:0042562","hormone binding","10/656","95/18706",0.105263157894737,3.00160462130937,3.72861391466602,0.00181900228836367,0.0293442821990743,0.0200191315338098,"LEPR/VIPR1/NPR3/ALDH1A1/RAMP2/NPR1/EDNRB/PIK3R1/GHR/CALCRL",10
"MF","GO:0005160","transforming growth factor beta receptor binding","5/656","26/18706",0.192307692307692,5.48370075046904,4.36141115719435,0.00186258953905727,0.0294910010350735,0.0201192254347759,"TGFBR2/TGFBR3/ENG/FERMT2/SMAD6",5
"MF","GO:0008083","growth factor activity","14/656","165/18706",0.0848484848484849,2.41947524020695,3.49136609042571,0.00205722632258684,0.0319805182874864,0.0218176133180998,"GPI/EFEMP1/VEGFD/IL6/MDK/OGN/BMP2/CXCL12/GMFG/PTN/GDF15/HBEGF/GDF10/TIMP1",14
"MF","GO:0005125","cytokine activity","18/656","241/18706",0.0746887966804979,2.12976925412408,3.3652380416895,0.00218085659425428,0.033156019040466,0.0226195584477282,"GPI/IL6/EDN1/MIF/BMP2/CXCL12/TNFSF10/CXCL2/CCL14/SPP1/IL33/CXCL13/GDF15/GDF10/GREM1/TIMP1/CXCL3/CXCL14",18
"MF","GO:0043394","proteoglycan binding","6/656","39/18706",0.153846153846154,4.38696060037523,4.03642936729181,0.0022104012693644,0.033156019040466,0.0226195584477282,"COL5A1/TNC/SLIT2/COMP/LPL/SEMA5A",6
"MF","GO:0031406","carboxylic acid binding","15/656","185/18706",0.0810810810810811,2.31204680290046,3.41896888546818,0.00226401192148473,0.033374658497749,0.0227687177293946,"FOLR1/FABP5/SESN1/MDK/ALOX5AP/PLOD2/GCLC/P3H2/TYMS/CRABP2/ID3/FABP4/PLA2G1B/PTGDS/DMBT1",15
"MF","GO:0005324","long-chain fatty acid transmembrane transporter activity","4/656","17/18706",0.235294117647059,6.70946915351507,4.48972077785809,0.0024767054186236,0.0352062941090369,0.0240182883944947,"FABP5/SLC2A1/CD36/FABP4",4
"MF","GO:0030169","low-density lipoprotein particle binding","4/656","17/18706",0.235294117647059,6.70946915351507,4.48972077785809,0.0024767054186236,0.0352062941090369,0.0240182883944947,"LDLR/COLEC12/CD36/MSR1",4
"MF","GO:0043177","organic acid binding","15/656","187/18706",0.0802139037433155,2.28731902960741,3.37279852643144,0.00251179408263304,0.0352062941090369,0.0240182883944947,"FOLR1/FABP5/SESN1/MDK/ALOX5AP/PLOD2/GCLC/P3H2/TYMS/CRABP2/ID3/FABP4/PLA2G1B/PTGDS/DMBT1",15
"MF","GO:0004675","transmembrane receptor protein serine/threonine kinase activity","4/656","18/18706",0.222222222222222,6.33672086720867,4.31838641164921,0.00309690626121538,0.0427073363441798,0.0291356175602675,"SOSTDC1/TGFBR2/TGFBR3/LTBP4",4
"MF","GO:0030291","protein serine/threonine kinase inhibitor activity","7/656","56/18706",0.125,3.56440548780488,3.66381440524492,0.00329596523705345,0.0447309567885825,0.0305161633025751,"RASIP1/CDKN2A/PKIG/KAT2B/CDKN1C/CAMK2N1/SFN",7
